overallRank,villageRank,polygonId,village,district,regency,areaHa,priorityClass,priorityLabel,priorityScore,needScore,suitabilityScore,riskScore,confidence,decisionReason,methodVersion
1,1,MPR-84A8261C16,Teluk Bakau,Kuala Kampar,Pelalawan,0.329,P2,Regenerasi alami terbantu,69.7,59,85,33,sedang,Kondisi biofisik relatif mendukung pemulihan vegetasi.,mangrove-priority-2016-2025-v0.1
2,2,MPR-13DD63D6A7,Teluk Bakau,Kuala Kampar,Pelalawan,0.3,P2,Regenerasi alami terbantu,69.7,59,85,33,sedang,Kondisi biofisik relatif mendukung pemulihan vegetasi.,mangrove-priority-2016-2025-v0.1
3,3,MPR-85BC34AC23,Teluk Bakau,Kuala Kampar,Pelalawan,0.29,P2,Regenerasi alami terbantu,69.7,59,85,33,sedang,Kondisi biofisik relatif mendukung pemulihan vegetasi.,mangrove-priority-2016-2025-v0.1
4,4,MPR-A745348F7D,Teluk Bakau,Kuala Kampar,Pelalawan,0.29,P2,Regenerasi alami terbantu,69.7,59,85,33,sedang,Kondisi biofisik relatif mendukung pemulihan vegetasi.,mangrove-priority-2016-2025-v0.1
5,5,MPR-1671FE54D3,Teluk Bakau,Kuala Kampar,Pelalawan,0.28,P2,Regenerasi alami terbantu,69.7,59,85,33,sedang,Kondisi biofisik relatif mendukung pemulihan vegetasi.,mangrove-priority-2016-2025-v0.1
6,6,MPR-06AA6A3898,Teluk Bakau,Kuala Kampar,Pelalawan,0.23,P2,Regenerasi alami terbantu,69.7,59,85,33,sedang,Kondisi biofisik relatif mendukung pemulihan vegetasi.,mangrove-priority-2016-2025-v0.1
7,7,MPR-FE237EC656,Teluk Bakau,Kuala Kampar,Pelalawan,0.23,P2,Regenerasi alami terbantu,69.7,59,85,33,sedang,Kondisi biofisik relatif mendukung pemulihan vegetasi.,mangrove-priority-2016-2025-v0.1
8,8,MPR-B83BAD6FBA,Teluk Bakau,Kuala Kampar,Pelalawan,0.22,P2,Regenerasi alami terbantu,69.7,59,85,33,sedang,Kondisi biofisik relatif mendukung pemulihan vegetasi.,mangrove-priority-2016-2025-v0.1
9,9,MPR-D2A6A1D795,Teluk Bakau,Kuala Kampar,Pelalawan,0.22,P2,Regenerasi alami terbantu,69.7,59,85,33,sedang,Kondisi biofisik relatif mendukung pemulihan vegetasi.,mangrove-priority-2016-2025-v0.1
10,10,MPR-B579BBAF90,Teluk Bakau,Kuala Kampar,Pelalawan,0.21,P2,Regenerasi alami terbantu,69.7,59,85,33,sedang,Kondisi biofisik relatif mendukung pemulihan vegetasi.,mangrove-priority-2016-2025-v0.1
11,11,MPR-D420802617,Teluk Bakau,Kuala Kampar,Pelalawan,0.2,P2,Regenerasi alami terbantu,69.7,59,85,33,sedang,Kondisi biofisik relatif mendukung pemulihan vegetasi.,mangrove-priority-2016-2025-v0.1
12,12,MPR-2C84379A94,Teluk Bakau,Kuala Kampar,Pelalawan,0.19,P2,Regenerasi alami terbantu,69.7,59,85,33,sedang,Kondisi biofisik relatif mendukung pemulihan vegetasi.,mangrove-priority-2016-2025-v0.1
13,13,MPR-C7413AD2A0,Teluk Bakau,Kuala Kampar,Pelalawan,0.18,P2,Regenerasi alami terbantu,69.7,59,85,33,sedang,Kondisi biofisik relatif mendukung pemulihan vegetasi.,mangrove-priority-2016-2025-v0.1
14,14,MPR-190FFBBB6C,Teluk Bakau,Kuala Kampar,Pelalawan,0.17,P2,Regenerasi alami terbantu,69.7,59,85,33,sedang,Kondisi biofisik relatif mendukung pemulihan vegetasi.,mangrove-priority-2016-2025-v0.1
15,15,MPR-B489759684,Teluk Bakau,Kuala Kampar,Pelalawan,0.17,P2,Regenerasi alami terbantu,69.7,59,85,33,sedang,Kondisi biofisik relatif mendukung pemulihan vegetasi.,mangrove-priority-2016-2025-v0.1
16,16,MPR-4FA44CF19B,Teluk Bakau,Kuala Kampar,Pelalawan,0.16,P2,Regenerasi alami terbantu,69.7,59,85,33,sedang,Kondisi biofisik relatif mendukung pemulihan vegetasi.,mangrove-priority-2016-2025-v0.1
17,17,MPR-DA349D0F2D,Teluk Bakau,Kuala Kampar,Pelalawan,0.16,P2,Regenerasi alami terbantu,69.7,59,85,33,sedang,Kondisi biofisik relatif mendukung pemulihan vegetasi.,mangrove-priority-2016-2025-v0.1
18,18,MPR-2730B44BF6,Teluk Bakau,Kuala Kampar,Pelalawan,0.14,P2,Regenerasi alami terbantu,69.7,59,85,33,sedang,Kondisi biofisik relatif mendukung pemulihan vegetasi.,mangrove-priority-2016-2025-v0.1
19,19,MPR-9E660CA06A,Teluk Bakau,Kuala Kampar,Pelalawan,0.14,P2,Regenerasi alami terbantu,69.7,59,85,33,sedang,Kondisi biofisik relatif mendukung pemulihan vegetasi.,mangrove-priority-2016-2025-v0.1
20,20,MPR-BDAF178154,Teluk Bakau,Kuala Kampar,Pelalawan,0.13,P2,Regenerasi alami terbantu,69.7,59,85,33,sedang,Kondisi biofisik relatif mendukung pemulihan vegetasi.,mangrove-priority-2016-2025-v0.1
21,21,MPR-FB2B5F32BE,Teluk Bakau,Kuala Kampar,Pelalawan,0.13,P2,Regenerasi alami terbantu,69.7,59,85,33,sedang,Kondisi biofisik relatif mendukung pemulihan vegetasi.,mangrove-priority-2016-2025-v0.1
22,22,MPR-B9406A43D9,Teluk Bakau,Kuala Kampar,Pelalawan,0.12,P2,Regenerasi alami terbantu,69.7,59,85,33,sedang,Kondisi biofisik relatif mendukung pemulihan vegetasi.,mangrove-priority-2016-2025-v0.1
23,23,MPR-8CE994F9A4,Teluk Bakau,Kuala Kampar,Pelalawan,0.11,P2,Regenerasi alami terbantu,69.7,59,85,33,sedang,Kondisi biofisik relatif mendukung pemulihan vegetasi.,mangrove-priority-2016-2025-v0.1
24,24,MPR-9D00A0A694,Teluk Bakau,Kuala Kampar,Pelalawan,0.11,P2,Regenerasi alami terbantu,69.7,59,85,33,sedang,Kondisi biofisik relatif mendukung pemulihan vegetasi.,mangrove-priority-2016-2025-v0.1
25,25,MPR-0D958540D3,Teluk Bakau,Kuala Kampar,Pelalawan,0.1,P2,Regenerasi alami terbantu,69.7,59,85,33,sedang,Kondisi biofisik relatif mendukung pemulihan vegetasi.,mangrove-priority-2016-2025-v0.1
26,26,MPR-A29631ACB1,Teluk Bakau,Kuala Kampar,Pelalawan,0.1,P2,Regenerasi alami terbantu,69.7,59,85,33,sedang,Kondisi biofisik relatif mendukung pemulihan vegetasi.,mangrove-priority-2016-2025-v0.1
27,27,MPR-BC1BBB23AC,Teluk Bakau,Kuala Kampar,Pelalawan,0.09,P2,Regenerasi alami terbantu,69.7,59,85,33,sedang,Kondisi biofisik relatif mendukung pemulihan vegetasi.,mangrove-priority-2016-2025-v0.1
28,28,MPR-049347A4D6,Teluk Bakau,Kuala Kampar,Pelalawan,0.08,P2,Regenerasi alami terbantu,69.7,59,85,33,sedang,Kondisi biofisik relatif mendukung pemulihan vegetasi.,mangrove-priority-2016-2025-v0.1
29,29,MPR-069C97EFC1,Teluk Bakau,Kuala Kampar,Pelalawan,0.08,P2,Regenerasi alami terbantu,69.7,59,85,33,sedang,Kondisi biofisik relatif mendukung pemulihan vegetasi.,mangrove-priority-2016-2025-v0.1
30,30,MPR-45A89D739A,Teluk Bakau,Kuala Kampar,Pelalawan,0.08,P2,Regenerasi alami terbantu,69.7,59,85,33,sedang,Kondisi biofisik relatif mendukung pemulihan vegetasi.,mangrove-priority-2016-2025-v0.1
31,31,MPR-7B5D472979,Teluk Bakau,Kuala Kampar,Pelalawan,0.08,P2,Regenerasi alami terbantu,69.7,59,85,33,sedang,Kondisi biofisik relatif mendukung pemulihan vegetasi.,mangrove-priority-2016-2025-v0.1
32,32,MPR-88298E6FFD,Teluk Bakau,Kuala Kampar,Pelalawan,0.08,P2,Regenerasi alami terbantu,69.7,59,85,33,sedang,Kondisi biofisik relatif mendukung pemulihan vegetasi.,mangrove-priority-2016-2025-v0.1
33,33,MPR-C6A6E441CE,Teluk Bakau,Kuala Kampar,Pelalawan,0.08,P2,Regenerasi alami terbantu,69.7,59,85,33,sedang,Kondisi biofisik relatif mendukung pemulihan vegetasi.,mangrove-priority-2016-2025-v0.1
34,34,MPR-77E9108871,Teluk Bakau,Kuala Kampar,Pelalawan,0.05,P2,Regenerasi alami terbantu,69.7,59,85,33,sedang,Kondisi biofisik relatif mendukung pemulihan vegetasi.,mangrove-priority-2016-2025-v0.1
35,35,MPR-F3E7235ACB,Teluk Bakau,Kuala Kampar,Pelalawan,1.07,P2,Regenerasi alami terbantu,69.6,60,84,34,sedang,Kondisi biofisik relatif mendukung pemulihan vegetasi.,mangrove-priority-2016-2025-v0.1
36,36,MPR-7D76F42E53,Teluk Bakau,Kuala Kampar,Pelalawan,0.88,P2,Regenerasi alami terbantu,69.6,60,84,34,sedang,Kondisi biofisik relatif mendukung pemulihan vegetasi.,mangrove-priority-2016-2025-v0.1
37,37,MPR-9F192B9C04,Teluk Bakau,Kuala Kampar,Pelalawan,0.88,P2,Regenerasi alami terbantu,69.6,60,84,34,sedang,Kondisi biofisik relatif mendukung pemulihan vegetasi.,mangrove-priority-2016-2025-v0.1
38,1,MPR-93FDBC46CB,Teluk Beringin,Kuala Kampar,Pelalawan,0.85,P2,Regenerasi alami terbantu,69.6,59,84,32,sedang,Kondisi biofisik relatif mendukung pemulihan vegetasi.,mangrove-priority-2016-2025-v0.1
39,38,MPR-857D4251E0,Teluk Bakau,Kuala Kampar,Pelalawan,0.8,P2,Regenerasi alami terbantu,69.6,60,84,34,sedang,Kondisi biofisik relatif mendukung pemulihan vegetasi.,mangrove-priority-2016-2025-v0.1
40,39,MPR-A512951B5C,Teluk Bakau,Kuala Kampar,Pelalawan,0.727,P2,Regenerasi alami terbantu,69.6,60,84,34,sedang,Kondisi biofisik relatif mendukung pemulihan vegetasi.,mangrove-priority-2016-2025-v0.1
41,40,MPR-1270F01322,Teluk Bakau,Kuala Kampar,Pelalawan,0.68,P2,Regenerasi alami terbantu,69.6,60,84,34,sedang,Kondisi biofisik relatif mendukung pemulihan vegetasi.,mangrove-priority-2016-2025-v0.1
42,41,MPR-5D1B3286D0,Teluk Bakau,Kuala Kampar,Pelalawan,0.68,P2,Regenerasi alami terbantu,69.6,60,84,34,sedang,Kondisi biofisik relatif mendukung pemulihan vegetasi.,mangrove-priority-2016-2025-v0.1
43,2,MPR-C13F79CD60,Teluk Beringin,Kuala Kampar,Pelalawan,0.66,P2,Regenerasi alami terbantu,69.6,59,84,32,sedang,Kondisi biofisik relatif mendukung pemulihan vegetasi.,mangrove-priority-2016-2025-v0.1
44,3,MPR-24CB7B08F9,Teluk Beringin,Kuala Kampar,Pelalawan,0.56,P2,Regenerasi alami terbantu,69.6,59,84,32,sedang,Kondisi biofisik relatif mendukung pemulihan vegetasi.,mangrove-priority-2016-2025-v0.1
45,4,MPR-3AF2B3A938,Teluk Beringin,Kuala Kampar,Pelalawan,0.53,P2,Regenerasi alami terbantu,69.6,59,84,32,sedang,Kondisi biofisik relatif mendukung pemulihan vegetasi.,mangrove-priority-2016-2025-v0.1
46,42,MPR-385D16F143,Teluk Bakau,Kuala Kampar,Pelalawan,0.51,P2,Regenerasi alami terbantu,69.6,60,84,34,sedang,Kondisi biofisik relatif mendukung pemulihan vegetasi.,mangrove-priority-2016-2025-v0.1
47,5,MPR-24D1D4A3A9,Teluk Beringin,Kuala Kampar,Pelalawan,0.42,P2,Regenerasi alami terbantu,69.6,59,84,32,sedang,Kondisi biofisik relatif mendukung pemulihan vegetasi.,mangrove-priority-2016-2025-v0.1
48,6,MPR-5C0C569D40,Teluk Beringin,Kuala Kampar,Pelalawan,0.204,P2,Regenerasi alami terbantu,69.6,58,85,31,sedang,Kondisi biofisik relatif mendukung pemulihan vegetasi.,mangrove-priority-2016-2025-v0.1
49,7,MPR-B3BD318A7D,Teluk Beringin,Kuala Kampar,Pelalawan,0.19,P2,Regenerasi alami terbantu,69.6,58,85,31,sedang,Kondisi biofisik relatif mendukung pemulihan vegetasi.,mangrove-priority-2016-2025-v0.1
50,8,MPR-4BF07D40FE,Teluk Beringin,Kuala Kampar,Pelalawan,0.18,P2,Regenerasi alami terbantu,69.6,58,85,31,sedang,Kondisi biofisik relatif mendukung pemulihan vegetasi.,mangrove-priority-2016-2025-v0.1
51,9,MPR-893CCBBDF4,Teluk Beringin,Kuala Kampar,Pelalawan,0.13,P2,Regenerasi alami terbantu,69.6,58,85,31,sedang,Kondisi biofisik relatif mendukung pemulihan vegetasi.,mangrove-priority-2016-2025-v0.1
52,10,MPR-77F8A19AD7,Teluk Beringin,Kuala Kampar,Pelalawan,0.11,P2,Regenerasi alami terbantu,69.6,58,85,31,sedang,Kondisi biofisik relatif mendukung pemulihan vegetasi.,mangrove-priority-2016-2025-v0.1
53,11,MPR-A14EBF0F4F,Teluk Beringin,Kuala Kampar,Pelalawan,0.08,P2,Regenerasi alami terbantu,69.6,58,85,31,sedang,Kondisi biofisik relatif mendukung pemulihan vegetasi.,mangrove-priority-2016-2025-v0.1
54,12,MPR-C5DF69C463,Teluk Beringin,Kuala Kampar,Pelalawan,0.08,P2,Regenerasi alami terbantu,69.6,58,85,31,sedang,Kondisi biofisik relatif mendukung pemulihan vegetasi.,mangrove-priority-2016-2025-v0.1
55,13,MPR-4EF74244B9,Teluk Beringin,Kuala Kampar,Pelalawan,0.05,P2,Regenerasi alami terbantu,69.6,58,85,31,sedang,Kondisi biofisik relatif mendukung pemulihan vegetasi.,mangrove-priority-2016-2025-v0.1
56,43,MPR-448EDD013A,Teluk Bakau,Kuala Kampar,Pelalawan,1.67,P2,Regenerasi alami terbantu,69.5,61,83,35,sedang,Kondisi biofisik relatif mendukung pemulihan vegetasi.,mangrove-priority-2016-2025-v0.1
57,44,MPR-DB96A9D011,Teluk Bakau,Kuala Kampar,Pelalawan,1.56,P2,Regenerasi alami terbantu,69.5,61,83,35,sedang,Kondisi biofisik relatif mendukung pemulihan vegetasi.,mangrove-priority-2016-2025-v0.1
58,14,MPR-046B5845C6,Teluk Beringin,Kuala Kampar,Pelalawan,1.5,P2,Regenerasi alami terbantu,69.5,60,83,33,sedang,Kondisi biofisik relatif mendukung pemulihan vegetasi.,mangrove-priority-2016-2025-v0.1
59,45,MPR-2E8A31C0C8,Teluk Bakau,Kuala Kampar,Pelalawan,1.49,P2,Regenerasi alami terbantu,69.5,61,83,35,sedang,Kondisi biofisik relatif mendukung pemulihan vegetasi.,mangrove-priority-2016-2025-v0.1
60,15,MPR-A60F868A9C,Teluk Beringin,Kuala Kampar,Pelalawan,1.05,P2,Regenerasi alami terbantu,69.4,59,84,33,sedang,Kondisi biofisik relatif mendukung pemulihan vegetasi.,mangrove-priority-2016-2025-v0.1
61,46,MPR-4AFEE517F8,Teluk Bakau,Kuala Kampar,Pelalawan,0.41,P2,Regenerasi alami terbantu,69.4,59,84,33,sedang,Kondisi biofisik relatif mendukung pemulihan vegetasi.,mangrove-priority-2016-2025-v0.1
62,47,MPR-1EDC5F5E1D,Teluk Bakau,Kuala Kampar,Pelalawan,0.39,P2,Regenerasi alami terbantu,69.4,59,84,33,sedang,Kondisi biofisik relatif mendukung pemulihan vegetasi.,mangrove-priority-2016-2025-v0.1
63,48,MPR-3D3B26B92B,Teluk Bakau,Kuala Kampar,Pelalawan,0.39,P2,Regenerasi alami terbantu,69.4,59,84,33,sedang,Kondisi biofisik relatif mendukung pemulihan vegetasi.,mangrove-priority-2016-2025-v0.1
64,49,MPR-777BE358F9,Teluk Bakau,Kuala Kampar,Pelalawan,0.37,P2,Regenerasi alami terbantu,69.4,59,84,33,sedang,Kondisi biofisik relatif mendukung pemulihan vegetasi.,mangrove-priority-2016-2025-v0.1
65,50,MPR-8E69ACA596,Teluk Bakau,Kuala Kampar,Pelalawan,0.37,P2,Regenerasi alami terbantu,69.4,59,84,33,sedang,Kondisi biofisik relatif mendukung pemulihan vegetasi.,mangrove-priority-2016-2025-v0.1
66,51,MPR-B8E45074BF,Teluk Bakau,Kuala Kampar,Pelalawan,0.36,P2,Regenerasi alami terbantu,69.4,59,84,33,sedang,Kondisi biofisik relatif mendukung pemulihan vegetasi.,mangrove-priority-2016-2025-v0.1
67,16,MPR-E9CF757A48,Teluk Beringin,Kuala Kampar,Pelalawan,0.28,P2,Regenerasi alami terbantu,69.4,58,85,32,sedang,Kondisi biofisik relatif mendukung pemulihan vegetasi.,mangrove-priority-2016-2025-v0.1
68,17,MPR-1B68D2ACFA,Teluk Beringin,Kuala Kampar,Pelalawan,0.26,P2,Regenerasi alami terbantu,69.4,58,85,32,sedang,Kondisi biofisik relatif mendukung pemulihan vegetasi.,mangrove-priority-2016-2025-v0.1
69,1,MPR-7EDD616E29,Sungai Mas,Kuala Kampar,Pelalawan,0.58,P2,Regenerasi alami terbantu,69.1,58,84,32,tinggi,Kondisi biofisik relatif mendukung pemulihan vegetasi.,mangrove-priority-2016-2025-v0.1
70,2,MPR-730FE7A6DB,Sungai Mas,Kuala Kampar,Pelalawan,0.45,P2,Regenerasi alami terbantu,69.1,58,84,32,tinggi,Kondisi biofisik relatif mendukung pemulihan vegetasi.,mangrove-priority-2016-2025-v0.1
71,3,MPR-A636C66B82,Sungai Mas,Kuala Kampar,Pelalawan,0.43,P2,Regenerasi alami terbantu,69.1,58,84,32,tinggi,Kondisi biofisik relatif mendukung pemulihan vegetasi.,mangrove-priority-2016-2025-v0.1
72,52,MPR-0ADEB1AB0D,Teluk Bakau,Kuala Kampar,Pelalawan,1.91,P2,Regenerasi alami terbantu,69.0,61,82,36,sedang,Kondisi biofisik relatif mendukung pemulihan vegetasi.,mangrove-priority-2016-2025-v0.1
73,53,MPR-52E4DACB08,Teluk Bakau,Kuala Kampar,Pelalawan,1.82,P2,Regenerasi alami terbantu,69.0,61,82,36,sedang,Kondisi biofisik relatif mendukung pemulihan vegetasi.,mangrove-priority-2016-2025-v0.1
74,18,MPR-DA2C4F4844,Teluk Beringin,Kuala Kampar,Pelalawan,1.076,P2,Regenerasi alami terbantu,69.0,59,83,33,sedang,Kondisi biofisik relatif mendukung pemulihan vegetasi.,mangrove-priority-2016-2025-v0.1
75,1,MPR-2E8390F41B,Teluk,Kuala Kampar,Pelalawan,0.5,P2,Regenerasi alami terbantu,69.0,57,84,30,sedang,Kondisi biofisik relatif mendukung pemulihan vegetasi.,mangrove-priority-2016-2025-v0.1
76,4,MPR-CCC4BED022,Sungai Mas,Kuala Kampar,Pelalawan,0.31,P2,Regenerasi alami terbantu,69.0,57,85,32,tinggi,Kondisi biofisik relatif mendukung pemulihan vegetasi.,mangrove-priority-2016-2025-v0.1
77,5,MPR-CDB0499A43,Sungai Mas,Kuala Kampar,Pelalawan,0.23,P2,Regenerasi alami terbantu,69.0,57,85,32,tinggi,Kondisi biofisik relatif mendukung pemulihan vegetasi.,mangrove-priority-2016-2025-v0.1
78,6,MPR-A5CE16E489,Sungai Mas,Kuala Kampar,Pelalawan,0.2,P2,Regenerasi alami terbantu,69.0,57,85,32,tinggi,Kondisi biofisik relatif mendukung pemulihan vegetasi.,mangrove-priority-2016-2025-v0.1
79,7,MPR-4062FB122B,Sungai Mas,Kuala Kampar,Pelalawan,0.19,P2,Regenerasi alami terbantu,69.0,57,85,32,tinggi,Kondisi biofisik relatif mendukung pemulihan vegetasi.,mangrove-priority-2016-2025-v0.1
80,8,MPR-13B4DC9E6A,Sungai Mas,Kuala Kampar,Pelalawan,0.13,P2,Regenerasi alami terbantu,69.0,57,85,32,tinggi,Kondisi biofisik relatif mendukung pemulihan vegetasi.,mangrove-priority-2016-2025-v0.1
81,9,MPR-9D584102C9,Sungai Mas,Kuala Kampar,Pelalawan,0.12,P2,Regenerasi alami terbantu,69.0,57,85,32,tinggi,Kondisi biofisik relatif mendukung pemulihan vegetasi.,mangrove-priority-2016-2025-v0.1
82,10,MPR-D31AA7897B,Sungai Mas,Kuala Kampar,Pelalawan,0.12,P2,Regenerasi alami terbantu,69.0,57,85,32,tinggi,Kondisi biofisik relatif mendukung pemulihan vegetasi.,mangrove-priority-2016-2025-v0.1
83,11,MPR-7A1E2848C9,Sungai Mas,Kuala Kampar,Pelalawan,0.1,P2,Regenerasi alami terbantu,69.0,57,85,32,tinggi,Kondisi biofisik relatif mendukung pemulihan vegetasi.,mangrove-priority-2016-2025-v0.1
84,12,MPR-B674ECB2D6,Sungai Mas,Kuala Kampar,Pelalawan,0.1,P2,Regenerasi alami terbantu,69.0,57,85,32,tinggi,Kondisi biofisik relatif mendukung pemulihan vegetasi.,mangrove-priority-2016-2025-v0.1
85,13,MPR-C025C43E01,Sungai Mas,Kuala Kampar,Pelalawan,0.1,P2,Regenerasi alami terbantu,69.0,57,85,32,tinggi,Kondisi biofisik relatif mendukung pemulihan vegetasi.,mangrove-priority-2016-2025-v0.1
86,14,MPR-306EC04F02,Sungai Mas,Kuala Kampar,Pelalawan,0.08,P2,Regenerasi alami terbantu,69.0,57,85,32,tinggi,Kondisi biofisik relatif mendukung pemulihan vegetasi.,mangrove-priority-2016-2025-v0.1
87,15,MPR-C91B0311B7,Sungai Mas,Kuala Kampar,Pelalawan,0.08,P2,Regenerasi alami terbantu,69.0,57,85,32,tinggi,Kondisi biofisik relatif mendukung pemulihan vegetasi.,mangrove-priority-2016-2025-v0.1
88,16,MPR-0CA7976D75,Sungai Mas,Kuala Kampar,Pelalawan,0.05,P2,Regenerasi alami terbantu,69.0,57,85,32,tinggi,Kondisi biofisik relatif mendukung pemulihan vegetasi.,mangrove-priority-2016-2025-v0.1
89,17,MPR-19E0924A28,Sungai Mas,Kuala Kampar,Pelalawan,0.05,X,Tidak direkomendasikan,69.0,57,85,32,tinggi,Area terlalu kecil dan terisolasi untuk diprioritaskan.,mangrove-priority-2016-2025-v0.1
90,18,MPR-D72D120B6A,Sungai Mas,Kuala Kampar,Pelalawan,0.05,P2,Regenerasi alami terbantu,69.0,57,85,32,tinggi,Kondisi biofisik relatif mendukung pemulihan vegetasi.,mangrove-priority-2016-2025-v0.1
91,19,MPR-3B7F95F702,Sungai Mas,Kuala Kampar,Pelalawan,1.07,P2,Regenerasi alami terbantu,68.9,58,84,33,tinggi,Kondisi biofisik relatif mendukung pemulihan vegetasi.,mangrove-priority-2016-2025-v0.1
92,20,MPR-D36B6C5524,Sungai Mas,Kuala Kampar,Pelalawan,0.87,P2,Regenerasi alami terbantu,68.9,58,84,33,tinggi,Kondisi biofisik relatif mendukung pemulihan vegetasi.,mangrove-priority-2016-2025-v0.1
93,21,MPR-17DDBEECC3,Sungai Mas,Kuala Kampar,Pelalawan,0.74,P2,Regenerasi alami terbantu,68.9,58,84,33,tinggi,Kondisi biofisik relatif mendukung pemulihan vegetasi.,mangrove-priority-2016-2025-v0.1
94,2,MPR-544A31A8F7,Teluk,Kuala Kampar,Pelalawan,0.31,P2,Regenerasi alami terbantu,68.9,56,85,30,sedang,Kondisi biofisik relatif mendukung pemulihan vegetasi.,mangrove-priority-2016-2025-v0.1
95,3,MPR-59BE5FDCC2,Teluk,Kuala Kampar,Pelalawan,0.29,P2,Regenerasi alami terbantu,68.9,56,85,30,sedang,Kondisi biofisik relatif mendukung pemulihan vegetasi.,mangrove-priority-2016-2025-v0.1
96,4,MPR-C7E3FEAF6B,Teluk,Kuala Kampar,Pelalawan,0.285,P2,Regenerasi alami terbantu,68.9,56,85,30,sedang,Kondisi biofisik relatif mendukung pemulihan vegetasi.,mangrove-priority-2016-2025-v0.1
97,5,MPR-611F7DF70A,Teluk,Kuala Kampar,Pelalawan,0.28,P2,Regenerasi alami terbantu,68.9,56,85,30,sedang,Kondisi biofisik relatif mendukung pemulihan vegetasi.,mangrove-priority-2016-2025-v0.1
98,6,MPR-153027EC0A,Teluk,Kuala Kampar,Pelalawan,0.26,P2,Regenerasi alami terbantu,68.9,56,85,30,sedang,Kondisi biofisik relatif mendukung pemulihan vegetasi.,mangrove-priority-2016-2025-v0.1
99,7,MPR-EAE7DBB3A7,Teluk,Kuala Kampar,Pelalawan,0.26,P2,Regenerasi alami terbantu,68.9,56,85,30,sedang,Kondisi biofisik relatif mendukung pemulihan vegetasi.,mangrove-priority-2016-2025-v0.1
100,8,MPR-0996D788A7,Teluk,Kuala Kampar,Pelalawan,0.25,P2,Regenerasi alami terbantu,68.9,56,85,30,sedang,Kondisi biofisik relatif mendukung pemulihan vegetasi.,mangrove-priority-2016-2025-v0.1
101,9,MPR-ACBCEAF656,Teluk,Kuala Kampar,Pelalawan,0.25,P2,Regenerasi alami terbantu,68.9,56,85,30,sedang,Kondisi biofisik relatif mendukung pemulihan vegetasi.,mangrove-priority-2016-2025-v0.1
102,10,MPR-91E353640C,Teluk,Kuala Kampar,Pelalawan,0.22,P2,Regenerasi alami terbantu,68.9,56,85,30,sedang,Kondisi biofisik relatif mendukung pemulihan vegetasi.,mangrove-priority-2016-2025-v0.1
103,11,MPR-2934598E3B,Teluk,Kuala Kampar,Pelalawan,0.211,P2,Regenerasi alami terbantu,68.9,56,85,30,sedang,Kondisi biofisik relatif mendukung pemulihan vegetasi.,mangrove-priority-2016-2025-v0.1
104,12,MPR-05819549A6,Teluk,Kuala Kampar,Pelalawan,0.206,P2,Regenerasi alami terbantu,68.9,56,85,30,sedang,Kondisi biofisik relatif mendukung pemulihan vegetasi.,mangrove-priority-2016-2025-v0.1
105,13,MPR-A60414FEDC,Teluk,Kuala Kampar,Pelalawan,0.203,P2,Regenerasi alami terbantu,68.9,56,85,30,sedang,Kondisi biofisik relatif mendukung pemulihan vegetasi.,mangrove-priority-2016-2025-v0.1
106,14,MPR-91CD931FAC,Teluk,Kuala Kampar,Pelalawan,0.17,P2,Regenerasi alami terbantu,68.9,56,85,30,sedang,Kondisi biofisik relatif mendukung pemulihan vegetasi.,mangrove-priority-2016-2025-v0.1
107,15,MPR-FEB524C078,Teluk,Kuala Kampar,Pelalawan,0.17,P2,Regenerasi alami terbantu,68.9,56,85,30,sedang,Kondisi biofisik relatif mendukung pemulihan vegetasi.,mangrove-priority-2016-2025-v0.1
108,16,MPR-C950913336,Teluk,Kuala Kampar,Pelalawan,0.14,P2,Regenerasi alami terbantu,68.9,56,85,30,sedang,Kondisi biofisik relatif mendukung pemulihan vegetasi.,mangrove-priority-2016-2025-v0.1
109,17,MPR-3329132FAD,Teluk,Kuala Kampar,Pelalawan,0.136,P2,Regenerasi alami terbantu,68.9,56,85,30,sedang,Kondisi biofisik relatif mendukung pemulihan vegetasi.,mangrove-priority-2016-2025-v0.1
110,18,MPR-20DB23950E,Teluk,Kuala Kampar,Pelalawan,0.13,P2,Regenerasi alami terbantu,68.9,56,85,30,sedang,Kondisi biofisik relatif mendukung pemulihan vegetasi.,mangrove-priority-2016-2025-v0.1
111,19,MPR-83C57467D2,Teluk,Kuala Kampar,Pelalawan,0.13,P2,Regenerasi alami terbantu,68.9,56,85,30,sedang,Kondisi biofisik relatif mendukung pemulihan vegetasi.,mangrove-priority-2016-2025-v0.1
112,20,MPR-9B350B08EE,Teluk,Kuala Kampar,Pelalawan,0.13,P2,Regenerasi alami terbantu,68.9,56,85,30,sedang,Kondisi biofisik relatif mendukung pemulihan vegetasi.,mangrove-priority-2016-2025-v0.1
113,21,MPR-86E4DB7F1A,Teluk,Kuala Kampar,Pelalawan,0.121,P2,Regenerasi alami terbantu,68.9,56,85,30,sedang,Kondisi biofisik relatif mendukung pemulihan vegetasi.,mangrove-priority-2016-2025-v0.1
114,22,MPR-44888BECB0,Teluk,Kuala Kampar,Pelalawan,0.11,P2,Regenerasi alami terbantu,68.9,56,85,30,sedang,Kondisi biofisik relatif mendukung pemulihan vegetasi.,mangrove-priority-2016-2025-v0.1
115,23,MPR-BE5D36E16B,Teluk,Kuala Kampar,Pelalawan,0.11,P2,Regenerasi alami terbantu,68.9,56,85,30,sedang,Kondisi biofisik relatif mendukung pemulihan vegetasi.,mangrove-priority-2016-2025-v0.1
116,24,MPR-10A3272BCE,Teluk,Kuala Kampar,Pelalawan,0.1,P2,Regenerasi alami terbantu,68.9,56,85,30,sedang,Kondisi biofisik relatif mendukung pemulihan vegetasi.,mangrove-priority-2016-2025-v0.1
117,25,MPR-3BA7964C19,Teluk,Kuala Kampar,Pelalawan,0.1,P2,Regenerasi alami terbantu,68.9,56,85,30,sedang,Kondisi biofisik relatif mendukung pemulihan vegetasi.,mangrove-priority-2016-2025-v0.1
118,26,MPR-60B1D98A61,Teluk,Kuala Kampar,Pelalawan,0.1,P2,Regenerasi alami terbantu,68.9,56,85,30,sedang,Kondisi biofisik relatif mendukung pemulihan vegetasi.,mangrove-priority-2016-2025-v0.1
119,27,MPR-2F40137E6B,Teluk,Kuala Kampar,Pelalawan,0.089,P2,Regenerasi alami terbantu,68.9,56,85,30,sedang,Kondisi biofisik relatif mendukung pemulihan vegetasi.,mangrove-priority-2016-2025-v0.1
120,28,MPR-2EE48F2A67,Teluk,Kuala Kampar,Pelalawan,0.08,P2,Regenerasi alami terbantu,68.9,56,85,30,sedang,Kondisi biofisik relatif mendukung pemulihan vegetasi.,mangrove-priority-2016-2025-v0.1
121,29,MPR-527C8AC065,Teluk,Kuala Kampar,Pelalawan,0.08,P2,Regenerasi alami terbantu,68.9,56,85,30,sedang,Kondisi biofisik relatif mendukung pemulihan vegetasi.,mangrove-priority-2016-2025-v0.1
122,30,MPR-7B1C9C7889,Teluk,Kuala Kampar,Pelalawan,0.08,P2,Regenerasi alami terbantu,68.9,56,85,30,sedang,Kondisi biofisik relatif mendukung pemulihan vegetasi.,mangrove-priority-2016-2025-v0.1
123,31,MPR-9B5B23D8A0,Teluk,Kuala Kampar,Pelalawan,0.08,P2,Regenerasi alami terbantu,68.9,56,85,30,sedang,Kondisi biofisik relatif mendukung pemulihan vegetasi.,mangrove-priority-2016-2025-v0.1
124,32,MPR-CC32258B25,Teluk,Kuala Kampar,Pelalawan,0.08,P2,Regenerasi alami terbantu,68.9,56,85,30,sedang,Kondisi biofisik relatif mendukung pemulihan vegetasi.,mangrove-priority-2016-2025-v0.1
125,33,MPR-3A5C9D7E11,Teluk,Kuala Kampar,Pelalawan,0.05,P2,Regenerasi alami terbantu,68.9,56,85,30,sedang,Kondisi biofisik relatif mendukung pemulihan vegetasi.,mangrove-priority-2016-2025-v0.1
126,34,MPR-3ECAAF7392,Teluk,Kuala Kampar,Pelalawan,0.05,P2,Regenerasi alami terbantu,68.9,56,85,30,sedang,Kondisi biofisik relatif mendukung pemulihan vegetasi.,mangrove-priority-2016-2025-v0.1
127,35,MPR-6BF8C23A45,Teluk,Kuala Kampar,Pelalawan,0.05,P2,Regenerasi alami terbantu,68.9,56,85,30,sedang,Kondisi biofisik relatif mendukung pemulihan vegetasi.,mangrove-priority-2016-2025-v0.1
128,22,MPR-1D2338AFE7,Sungai Mas,Kuala Kampar,Pelalawan,1.74,P2,Regenerasi alami terbantu,68.8,59,83,34,tinggi,Kondisi biofisik relatif mendukung pemulihan vegetasi.,mangrove-priority-2016-2025-v0.1
129,23,MPR-D3B3494917,Sungai Mas,Kuala Kampar,Pelalawan,1.6,P2,Regenerasi alami terbantu,68.8,59,83,34,tinggi,Kondisi biofisik relatif mendukung pemulihan vegetasi.,mangrove-priority-2016-2025-v0.1
130,36,MPR-53C67BBEF4,Teluk,Kuala Kampar,Pelalawan,1.02,P2,Regenerasi alami terbantu,68.8,57,84,31,sedang,Kondisi biofisik relatif mendukung pemulihan vegetasi.,mangrove-priority-2016-2025-v0.1
131,37,MPR-DE783EB171,Teluk,Kuala Kampar,Pelalawan,0.99,P2,Regenerasi alami terbantu,68.8,57,84,31,sedang,Kondisi biofisik relatif mendukung pemulihan vegetasi.,mangrove-priority-2016-2025-v0.1
132,38,MPR-4FD3FCB6F2,Teluk,Kuala Kampar,Pelalawan,0.85,P2,Regenerasi alami terbantu,68.8,57,84,31,sedang,Kondisi biofisik relatif mendukung pemulihan vegetasi.,mangrove-priority-2016-2025-v0.1
133,39,MPR-FAF7493D66,Teluk,Kuala Kampar,Pelalawan,0.79,P2,Regenerasi alami terbantu,68.8,57,84,31,sedang,Kondisi biofisik relatif mendukung pemulihan vegetasi.,mangrove-priority-2016-2025-v0.1
134,40,MPR-EA656FA7FF,Teluk,Kuala Kampar,Pelalawan,0.6,P2,Regenerasi alami terbantu,68.8,57,84,31,sedang,Kondisi biofisik relatif mendukung pemulihan vegetasi.,mangrove-priority-2016-2025-v0.1
135,41,MPR-621E9A5938,Teluk,Kuala Kampar,Pelalawan,0.55,P2,Regenerasi alami terbantu,68.8,57,84,31,sedang,Kondisi biofisik relatif mendukung pemulihan vegetasi.,mangrove-priority-2016-2025-v0.1
136,24,MPR-71CFFCAA0C,Sungai Mas,Kuala Kampar,Pelalawan,2.36,P2,Regenerasi alami terbantu,68.7,60,82,35,tinggi,Kondisi biofisik relatif mendukung pemulihan vegetasi.,mangrove-priority-2016-2025-v0.1
137,25,MPR-650279F636,Sungai Mas,Kuala Kampar,Pelalawan,0.4,P2,Regenerasi alami terbantu,68.7,57,84,32,tinggi,Kondisi biofisik relatif mendukung pemulihan vegetasi.,mangrove-priority-2016-2025-v0.1
138,42,MPR-E500AC72B1,Teluk,Kuala Kampar,Pelalawan,0.391,P2,Regenerasi alami terbantu,68.6,56,84,30,sedang,Kondisi biofisik relatif mendukung pemulihan vegetasi.,mangrove-priority-2016-2025-v0.1
139,43,MPR-1731B01F0F,Teluk,Kuala Kampar,Pelalawan,0.36,P2,Regenerasi alami terbantu,68.6,56,84,30,sedang,Kondisi biofisik relatif mendukung pemulihan vegetasi.,mangrove-priority-2016-2025-v0.1
140,1,MPR-91A59BB2B9,Kelurahan Teluk Dalam,Kuala Kampar,Pelalawan,0.084,P2,Regenerasi alami terbantu,68.6,57,85,34,tinggi,Kondisi biofisik relatif mendukung pemulihan vegetasi.,mangrove-priority-2016-2025-v0.1
141,2,MPR-2CA96FBA96,Kelurahan Teluk Dalam,Kuala Kampar,Pelalawan,0.08,P2,Regenerasi alami terbantu,68.6,57,85,34,tinggi,Kondisi biofisik relatif mendukung pemulihan vegetasi.,mangrove-priority-2016-2025-v0.1
142,3,MPR-4065F47F57,Kelurahan Teluk Dalam,Kuala Kampar,Pelalawan,0.08,P2,Regenerasi alami terbantu,68.6,57,85,34,tinggi,Kondisi biofisik relatif mendukung pemulihan vegetasi.,mangrove-priority-2016-2025-v0.1
143,4,MPR-4BF5A64695,Kelurahan Teluk Dalam,Kuala Kampar,Pelalawan,0.08,P2,Regenerasi alami terbantu,68.6,57,85,34,tinggi,Kondisi biofisik relatif mendukung pemulihan vegetasi.,mangrove-priority-2016-2025-v0.1
144,5,MPR-E82506119D,Kelurahan Teluk Dalam,Kuala Kampar,Pelalawan,0.08,P2,Regenerasi alami terbantu,68.6,57,85,34,tinggi,Kondisi biofisik relatif mendukung pemulihan vegetasi.,mangrove-priority-2016-2025-v0.1
145,6,MPR-F19028027A,Kelurahan Teluk Dalam,Kuala Kampar,Pelalawan,0.08,P2,Regenerasi alami terbantu,68.6,57,85,34,tinggi,Kondisi biofisik relatif mendukung pemulihan vegetasi.,mangrove-priority-2016-2025-v0.1
146,7,MPR-0F03BD961E,Kelurahan Teluk Dalam,Kuala Kampar,Pelalawan,0.077,P2,Regenerasi alami terbantu,68.6,57,85,34,tinggi,Kondisi biofisik relatif mendukung pemulihan vegetasi.,mangrove-priority-2016-2025-v0.1
147,8,MPR-76553B702D,Kelurahan Teluk Dalam,Kuala Kampar,Pelalawan,0.075,P2,Regenerasi alami terbantu,68.6,57,85,34,tinggi,Kondisi biofisik relatif mendukung pemulihan vegetasi.,mangrove-priority-2016-2025-v0.1
148,9,MPR-FBCFD1D45B,Kelurahan Teluk Dalam,Kuala Kampar,Pelalawan,0.072,P2,Regenerasi alami terbantu,68.6,57,85,34,tinggi,Kondisi biofisik relatif mendukung pemulihan vegetasi.,mangrove-priority-2016-2025-v0.1
149,10,MPR-BA163C3806,Kelurahan Teluk Dalam,Kuala Kampar,Pelalawan,0.069,P2,Regenerasi alami terbantu,68.6,57,85,34,tinggi,Kondisi biofisik relatif mendukung pemulihan vegetasi.,mangrove-priority-2016-2025-v0.1
150,11,MPR-F01DA8A947,Kelurahan Teluk Dalam,Kuala Kampar,Pelalawan,0.057,P2,Regenerasi alami terbantu,68.6,57,85,34,tinggi,Kondisi biofisik relatif mendukung pemulihan vegetasi.,mangrove-priority-2016-2025-v0.1
151,12,MPR-02F616A379,Kelurahan Teluk Dalam,Kuala Kampar,Pelalawan,0.056,P2,Regenerasi alami terbantu,68.6,57,85,34,tinggi,Kondisi biofisik relatif mendukung pemulihan vegetasi.,mangrove-priority-2016-2025-v0.1
152,13,MPR-09B7C2B4E4,Kelurahan Teluk Dalam,Kuala Kampar,Pelalawan,0.05,P2,Regenerasi alami terbantu,68.6,57,85,34,tinggi,Kondisi biofisik relatif mendukung pemulihan vegetasi.,mangrove-priority-2016-2025-v0.1
153,14,MPR-14E8D97872,Kelurahan Teluk Dalam,Kuala Kampar,Pelalawan,0.05,P2,Regenerasi alami terbantu,68.6,57,85,34,tinggi,Kondisi biofisik relatif mendukung pemulihan vegetasi.,mangrove-priority-2016-2025-v0.1
154,15,MPR-553969BF09,Kelurahan Teluk Dalam,Kuala Kampar,Pelalawan,0.05,P2,Regenerasi alami terbantu,68.6,57,85,34,tinggi,Kondisi biofisik relatif mendukung pemulihan vegetasi.,mangrove-priority-2016-2025-v0.1
155,16,MPR-5AAADF5784,Kelurahan Teluk Dalam,Kuala Kampar,Pelalawan,0.05,P2,Regenerasi alami terbantu,68.6,57,85,34,tinggi,Kondisi biofisik relatif mendukung pemulihan vegetasi.,mangrove-priority-2016-2025-v0.1
156,17,MPR-950830F460,Kelurahan Teluk Dalam,Kuala Kampar,Pelalawan,0.05,P2,Regenerasi alami terbantu,68.6,57,85,34,tinggi,Kondisi biofisik relatif mendukung pemulihan vegetasi.,mangrove-priority-2016-2025-v0.1
157,18,MPR-FE268412C6,Kelurahan Teluk Dalam,Kuala Kampar,Pelalawan,0.05,P2,Regenerasi alami terbantu,68.6,57,85,34,tinggi,Kondisi biofisik relatif mendukung pemulihan vegetasi.,mangrove-priority-2016-2025-v0.1
158,26,MPR-137099F9C7,Sungai Mas,Kuala Kampar,Pelalawan,1.17,P2,Regenerasi alami terbantu,68.5,58,83,33,tinggi,Kondisi biofisik relatif mendukung pemulihan vegetasi.,mangrove-priority-2016-2025-v0.1
159,27,MPR-8C2B71B2D1,Sungai Mas,Kuala Kampar,Pelalawan,1.15,P2,Regenerasi alami terbantu,68.5,58,83,33,tinggi,Kondisi biofisik relatif mendukung pemulihan vegetasi.,mangrove-priority-2016-2025-v0.1
160,28,MPR-EA46BACA8D,Sungai Mas,Kuala Kampar,Pelalawan,1.12,P2,Regenerasi alami terbantu,68.5,58,83,33,tinggi,Kondisi biofisik relatif mendukung pemulihan vegetasi.,mangrove-priority-2016-2025-v0.1
161,19,MPR-CB08D4EDFC,Kelurahan Teluk Dalam,Kuala Kampar,Pelalawan,0.7,P2,Regenerasi alami terbantu,68.5,58,84,35,tinggi,Kondisi biofisik relatif mendukung pemulihan vegetasi.,mangrove-priority-2016-2025-v0.1
162,20,MPR-18A364C22B,Kelurahan Teluk Dalam,Kuala Kampar,Pelalawan,0.67,P2,Regenerasi alami terbantu,68.5,58,84,35,tinggi,Kondisi biofisik relatif mendukung pemulihan vegetasi.,mangrove-priority-2016-2025-v0.1
163,21,MPR-BB961BD7D8,Kelurahan Teluk Dalam,Kuala Kampar,Pelalawan,0.57,P2,Regenerasi alami terbantu,68.5,58,84,35,tinggi,Kondisi biofisik relatif mendukung pemulihan vegetasi.,mangrove-priority-2016-2025-v0.1
164,22,MPR-D823478EF7,Kelurahan Teluk Dalam,Kuala Kampar,Pelalawan,0.526,P2,Regenerasi alami terbantu,68.5,58,84,35,tinggi,Kondisi biofisik relatif mendukung pemulihan vegetasi.,mangrove-priority-2016-2025-v0.1
165,23,MPR-7232D2C3FA,Kelurahan Teluk Dalam,Kuala Kampar,Pelalawan,0.483,P2,Regenerasi alami terbantu,68.5,58,84,35,tinggi,Kondisi biofisik relatif mendukung pemulihan vegetasi.,mangrove-priority-2016-2025-v0.1
166,24,MPR-55D92BB83C,Kelurahan Teluk Dalam,Kuala Kampar,Pelalawan,0.46,P2,Regenerasi alami terbantu,68.5,58,84,35,tinggi,Kondisi biofisik relatif mendukung pemulihan vegetasi.,mangrove-priority-2016-2025-v0.1
167,25,MPR-70FAAE338B,Kelurahan Teluk Dalam,Kuala Kampar,Pelalawan,0.46,P2,Regenerasi alami terbantu,68.5,58,84,35,tinggi,Kondisi biofisik relatif mendukung pemulihan vegetasi.,mangrove-priority-2016-2025-v0.1
168,26,MPR-B0841C95FE,Kelurahan Teluk Dalam,Kuala Kampar,Pelalawan,0.295,P2,Regenerasi alami terbantu,68.4,57,85,35,tinggi,Kondisi biofisik relatif mendukung pemulihan vegetasi.,mangrove-priority-2016-2025-v0.1
169,27,MPR-2F81ABA960,Kelurahan Teluk Dalam,Kuala Kampar,Pelalawan,0.29,P2,Regenerasi alami terbantu,68.4,57,85,35,tinggi,Kondisi biofisik relatif mendukung pemulihan vegetasi.,mangrove-priority-2016-2025-v0.1
170,28,MPR-E4FFB08617,Kelurahan Teluk Dalam,Kuala Kampar,Pelalawan,0.28,P2,Regenerasi alami terbantu,68.4,57,85,35,tinggi,Kondisi biofisik relatif mendukung pemulihan vegetasi.,mangrove-priority-2016-2025-v0.1
171,29,MPR-2B4562113A,Kelurahan Teluk Dalam,Kuala Kampar,Pelalawan,0.27,P2,Regenerasi alami terbantu,68.4,57,85,35,tinggi,Kondisi biofisik relatif mendukung pemulihan vegetasi.,mangrove-priority-2016-2025-v0.1
172,30,MPR-95EC3C0F9B,Kelurahan Teluk Dalam,Kuala Kampar,Pelalawan,0.263,P2,Regenerasi alami terbantu,68.4,57,85,35,tinggi,Kondisi biofisik relatif mendukung pemulihan vegetasi.,mangrove-priority-2016-2025-v0.1
173,31,MPR-EE8031A840,Kelurahan Teluk Dalam,Kuala Kampar,Pelalawan,0.256,P2,Regenerasi alami terbantu,68.4,57,85,35,tinggi,Kondisi biofisik relatif mendukung pemulihan vegetasi.,mangrove-priority-2016-2025-v0.1
174,32,MPR-846EECFA3E,Kelurahan Teluk Dalam,Kuala Kampar,Pelalawan,0.22,P2,Regenerasi alami terbantu,68.4,57,85,35,tinggi,Kondisi biofisik relatif mendukung pemulihan vegetasi.,mangrove-priority-2016-2025-v0.1
175,33,MPR-D5B35E49A4,Kelurahan Teluk Dalam,Kuala Kampar,Pelalawan,0.22,P2,Regenerasi alami terbantu,68.4,57,85,35,tinggi,Kondisi biofisik relatif mendukung pemulihan vegetasi.,mangrove-priority-2016-2025-v0.1
176,34,MPR-EF978F700A,Kelurahan Teluk Dalam,Kuala Kampar,Pelalawan,0.21,P2,Regenerasi alami terbantu,68.4,57,85,35,tinggi,Kondisi biofisik relatif mendukung pemulihan vegetasi.,mangrove-priority-2016-2025-v0.1
177,35,MPR-3739D0894E,Kelurahan Teluk Dalam,Kuala Kampar,Pelalawan,0.19,P2,Regenerasi alami terbantu,68.4,57,85,35,tinggi,Kondisi biofisik relatif mendukung pemulihan vegetasi.,mangrove-priority-2016-2025-v0.1
178,36,MPR-75637A8E29,Kelurahan Teluk Dalam,Kuala Kampar,Pelalawan,0.19,P2,Regenerasi alami terbantu,68.4,57,85,35,tinggi,Kondisi biofisik relatif mendukung pemulihan vegetasi.,mangrove-priority-2016-2025-v0.1
179,37,MPR-DB7C289605,Kelurahan Teluk Dalam,Kuala Kampar,Pelalawan,0.182,P2,Regenerasi alami terbantu,68.4,57,85,35,tinggi,Kondisi biofisik relatif mendukung pemulihan vegetasi.,mangrove-priority-2016-2025-v0.1
180,38,MPR-13095ED876,Kelurahan Teluk Dalam,Kuala Kampar,Pelalawan,0.18,P2,Regenerasi alami terbantu,68.4,57,85,35,tinggi,Kondisi biofisik relatif mendukung pemulihan vegetasi.,mangrove-priority-2016-2025-v0.1
181,39,MPR-8A9D3C49CB,Kelurahan Teluk Dalam,Kuala Kampar,Pelalawan,0.17,P2,Regenerasi alami terbantu,68.4,57,85,35,tinggi,Kondisi biofisik relatif mendukung pemulihan vegetasi.,mangrove-priority-2016-2025-v0.1
182,40,MPR-3F5034F9F5,Kelurahan Teluk Dalam,Kuala Kampar,Pelalawan,0.16,P2,Regenerasi alami terbantu,68.4,57,85,35,tinggi,Kondisi biofisik relatif mendukung pemulihan vegetasi.,mangrove-priority-2016-2025-v0.1
183,41,MPR-9D14666C86,Kelurahan Teluk Dalam,Kuala Kampar,Pelalawan,0.16,P2,Regenerasi alami terbantu,68.4,57,85,35,tinggi,Kondisi biofisik relatif mendukung pemulihan vegetasi.,mangrove-priority-2016-2025-v0.1
184,42,MPR-FAAC748CEB,Kelurahan Teluk Dalam,Kuala Kampar,Pelalawan,0.16,P2,Regenerasi alami terbantu,68.4,57,85,35,tinggi,Kondisi biofisik relatif mendukung pemulihan vegetasi.,mangrove-priority-2016-2025-v0.1
185,43,MPR-99A4A3A049,Kelurahan Teluk Dalam,Kuala Kampar,Pelalawan,0.15,P2,Regenerasi alami terbantu,68.4,57,85,35,tinggi,Kondisi biofisik relatif mendukung pemulihan vegetasi.,mangrove-priority-2016-2025-v0.1
186,44,MPR-331BB506DF,Kelurahan Teluk Dalam,Kuala Kampar,Pelalawan,0.146,P2,Regenerasi alami terbantu,68.4,57,85,35,tinggi,Kondisi biofisik relatif mendukung pemulihan vegetasi.,mangrove-priority-2016-2025-v0.1
187,45,MPR-5F19BF3A88,Kelurahan Teluk Dalam,Kuala Kampar,Pelalawan,0.146,P2,Regenerasi alami terbantu,68.4,57,85,35,tinggi,Kondisi biofisik relatif mendukung pemulihan vegetasi.,mangrove-priority-2016-2025-v0.1
188,46,MPR-FEAFC1C30E,Kelurahan Teluk Dalam,Kuala Kampar,Pelalawan,0.146,P2,Regenerasi alami terbantu,68.4,57,85,35,tinggi,Kondisi biofisik relatif mendukung pemulihan vegetasi.,mangrove-priority-2016-2025-v0.1
189,47,MPR-A4A542B382,Kelurahan Teluk Dalam,Kuala Kampar,Pelalawan,0.13,P2,Regenerasi alami terbantu,68.4,57,85,35,tinggi,Kondisi biofisik relatif mendukung pemulihan vegetasi.,mangrove-priority-2016-2025-v0.1
190,48,MPR-AB55C24722,Kelurahan Teluk Dalam,Kuala Kampar,Pelalawan,0.123,P2,Regenerasi alami terbantu,68.4,57,85,35,tinggi,Kondisi biofisik relatif mendukung pemulihan vegetasi.,mangrove-priority-2016-2025-v0.1
191,49,MPR-4556E98E9F,Kelurahan Teluk Dalam,Kuala Kampar,Pelalawan,0.12,P2,Regenerasi alami terbantu,68.4,57,85,35,tinggi,Kondisi biofisik relatif mendukung pemulihan vegetasi.,mangrove-priority-2016-2025-v0.1
192,50,MPR-D7F89A4EC0,Kelurahan Teluk Dalam,Kuala Kampar,Pelalawan,0.111,P2,Regenerasi alami terbantu,68.4,57,85,35,tinggi,Kondisi biofisik relatif mendukung pemulihan vegetasi.,mangrove-priority-2016-2025-v0.1
193,51,MPR-0899165D56,Kelurahan Teluk Dalam,Kuala Kampar,Pelalawan,0.11,P2,Regenerasi alami terbantu,68.4,57,85,35,tinggi,Kondisi biofisik relatif mendukung pemulihan vegetasi.,mangrove-priority-2016-2025-v0.1
194,52,MPR-1E01841F86,Kelurahan Teluk Dalam,Kuala Kampar,Pelalawan,0.11,P2,Regenerasi alami terbantu,68.4,57,85,35,tinggi,Kondisi biofisik relatif mendukung pemulihan vegetasi.,mangrove-priority-2016-2025-v0.1
195,53,MPR-46BEF4185A,Kelurahan Teluk Dalam,Kuala Kampar,Pelalawan,0.11,P2,Regenerasi alami terbantu,68.4,57,85,35,tinggi,Kondisi biofisik relatif mendukung pemulihan vegetasi.,mangrove-priority-2016-2025-v0.1
196,54,MPR-64A0A1EAA3,Kelurahan Teluk Dalam,Kuala Kampar,Pelalawan,0.11,P2,Regenerasi alami terbantu,68.4,57,85,35,tinggi,Kondisi biofisik relatif mendukung pemulihan vegetasi.,mangrove-priority-2016-2025-v0.1
197,55,MPR-6FC6265D7C,Kelurahan Teluk Dalam,Kuala Kampar,Pelalawan,0.108,P2,Regenerasi alami terbantu,68.4,57,85,35,tinggi,Kondisi biofisik relatif mendukung pemulihan vegetasi.,mangrove-priority-2016-2025-v0.1
198,56,MPR-6CFE9420C5,Kelurahan Teluk Dalam,Kuala Kampar,Pelalawan,0.1,P2,Regenerasi alami terbantu,68.4,57,85,35,tinggi,Kondisi biofisik relatif mendukung pemulihan vegetasi.,mangrove-priority-2016-2025-v0.1
199,57,MPR-C7191704D6,Kelurahan Teluk Dalam,Kuala Kampar,Pelalawan,0.1,P2,Regenerasi alami terbantu,68.4,57,85,35,tinggi,Kondisi biofisik relatif mendukung pemulihan vegetasi.,mangrove-priority-2016-2025-v0.1
200,58,MPR-FDA9C3021E,Kelurahan Teluk Dalam,Kuala Kampar,Pelalawan,0.1,P2,Regenerasi alami terbantu,68.4,57,85,35,tinggi,Kondisi biofisik relatif mendukung pemulihan vegetasi.,mangrove-priority-2016-2025-v0.1
201,59,MPR-6D40B36F5E,Kelurahan Teluk Dalam,Kuala Kampar,Pelalawan,0.099,P2,Regenerasi alami terbantu,68.4,57,85,35,tinggi,Kondisi biofisik relatif mendukung pemulihan vegetasi.,mangrove-priority-2016-2025-v0.1
202,60,MPR-6CE63ABC71,Kelurahan Teluk Dalam,Kuala Kampar,Pelalawan,0.093,P2,Regenerasi alami terbantu,68.4,57,85,35,tinggi,Kondisi biofisik relatif mendukung pemulihan vegetasi.,mangrove-priority-2016-2025-v0.1
203,61,MPR-DC959AF4FE,Kelurahan Teluk Dalam,Kuala Kampar,Pelalawan,0.09,P2,Regenerasi alami terbantu,68.4,57,85,35,tinggi,Kondisi biofisik relatif mendukung pemulihan vegetasi.,mangrove-priority-2016-2025-v0.1
204,29,MPR-8CD3C225A9,Sungai Mas,Kuala Kampar,Pelalawan,2.66,P2,Regenerasi alami terbantu,68.3,60,81,35,tinggi,Kondisi biofisik relatif mendukung pemulihan vegetasi.,mangrove-priority-2016-2025-v0.1
205,44,MPR-B45686B290,Teluk,Kuala Kampar,Pelalawan,2.52,P2,Regenerasi alami terbantu,68.3,59,81,33,sedang,Kondisi biofisik relatif mendukung pemulihan vegetasi.,mangrove-priority-2016-2025-v0.1
206,62,MPR-8C0633CE63,Kelurahan Teluk Dalam,Kuala Kampar,Pelalawan,0.98,P2,Regenerasi alami terbantu,68.3,58,84,36,tinggi,Kondisi biofisik relatif mendukung pemulihan vegetasi.,mangrove-priority-2016-2025-v0.1
207,63,MPR-497E3F06ED,Kelurahan Teluk Dalam,Kuala Kampar,Pelalawan,0.86,P2,Regenerasi alami terbantu,68.3,58,84,36,tinggi,Kondisi biofisik relatif mendukung pemulihan vegetasi.,mangrove-priority-2016-2025-v0.1
208,45,MPR-441E145072,Teluk,Kuala Kampar,Pelalawan,3.906,P2,Regenerasi alami terbantu,68.2,61,80,36,sedang,Kondisi biofisik relatif mendukung pemulihan vegetasi.,mangrove-priority-2016-2025-v0.1
209,64,MPR-297DFAEC6D,Kelurahan Teluk Dalam,Kuala Kampar,Pelalawan,1.65,P2,Regenerasi alami terbantu,68.2,59,83,37,tinggi,Kondisi biofisik relatif mendukung pemulihan vegetasi.,mangrove-priority-2016-2025-v0.1
210,65,MPR-0FE7183E7E,Kelurahan Teluk Dalam,Kuala Kampar,Pelalawan,2.14,P2,Regenerasi alami terbantu,68.1,60,82,38,tinggi,Kondisi biofisik relatif mendukung pemulihan vegetasi.,mangrove-priority-2016-2025-v0.1
211,46,MPR-6BDD61F75B,Teluk,Kuala Kampar,Pelalawan,3.647,P2,Regenerasi alami terbantu,68.0,60,80,35,sedang,Kondisi biofisik relatif mendukung pemulihan vegetasi.,mangrove-priority-2016-2025-v0.1
212,66,MPR-626A63D1FD,Kelurahan Teluk Dalam,Kuala Kampar,Pelalawan,1.16,P2,Regenerasi alami terbantu,68.0,58,83,36,tinggi,Kondisi biofisik relatif mendukung pemulihan vegetasi.,mangrove-priority-2016-2025-v0.1
213,67,MPR-F735A8379E,Kelurahan Teluk Dalam,Kuala Kampar,Pelalawan,0.4,P2,Regenerasi alami terbantu,68.0,57,84,35,tinggi,Kondisi biofisik relatif mendukung pemulihan vegetasi.,mangrove-priority-2016-2025-v0.1
214,68,MPR-BCA5FC74E7,Kelurahan Teluk Dalam,Kuala Kampar,Pelalawan,1.87,P2,Regenerasi alami terbantu,67.8,59,82,37,tinggi,Kondisi biofisik relatif mendukung pemulihan vegetasi.,mangrove-priority-2016-2025-v0.1
215,19,MPR-1C022723D3,Teluk Beringin,Kuala Kampar,Pelalawan,10.07,P1,Penanaman aktif,67.1,70,71,46,sedang,Kebutuhan dan kelayakan relatif tinggi.,mangrove-priority-2016-2025-v0.1
216,1,MPR-E930A3044A,Sokoi,Kuala Kampar,Pelalawan,0.46,P2,Regenerasi alami terbantu,66.2,61,84,53,sedang,Kondisi biofisik relatif mendukung pemulihan vegetasi.,mangrove-priority-2016-2025-v0.1
217,2,MPR-DE581A1F43,Sokoi,Kuala Kampar,Pelalawan,0.43,P2,Regenerasi alami terbantu,66.2,61,84,53,sedang,Kondisi biofisik relatif mendukung pemulihan vegetasi.,mangrove-priority-2016-2025-v0.1
218,3,MPR-6DDFC52E49,Sokoi,Kuala Kampar,Pelalawan,0.35,P2,Regenerasi alami terbantu,66.2,60,85,53,sedang,Kondisi biofisik relatif mendukung pemulihan vegetasi.,mangrove-priority-2016-2025-v0.1
219,4,MPR-9C6A7CF495,Sokoi,Kuala Kampar,Pelalawan,0.34,P2,Regenerasi alami terbantu,66.2,60,85,53,sedang,Kondisi biofisik relatif mendukung pemulihan vegetasi.,mangrove-priority-2016-2025-v0.1
220,5,MPR-285452B3AC,Sokoi,Kuala Kampar,Pelalawan,0.33,P2,Regenerasi alami terbantu,66.2,60,85,53,sedang,Kondisi biofisik relatif mendukung pemulihan vegetasi.,mangrove-priority-2016-2025-v0.1
221,6,MPR-BED02BD238,Sokoi,Kuala Kampar,Pelalawan,0.33,P2,Regenerasi alami terbantu,66.2,60,85,53,sedang,Kondisi biofisik relatif mendukung pemulihan vegetasi.,mangrove-priority-2016-2025-v0.1
222,7,MPR-CBDA774346,Sokoi,Kuala Kampar,Pelalawan,0.33,P2,Regenerasi alami terbantu,66.2,60,85,53,sedang,Kondisi biofisik relatif mendukung pemulihan vegetasi.,mangrove-priority-2016-2025-v0.1
223,8,MPR-048FF78341,Sokoi,Kuala Kampar,Pelalawan,0.32,P2,Regenerasi alami terbantu,66.2,60,85,53,sedang,Kondisi biofisik relatif mendukung pemulihan vegetasi.,mangrove-priority-2016-2025-v0.1
224,9,MPR-DC596DB68E,Sokoi,Kuala Kampar,Pelalawan,0.32,P2,Regenerasi alami terbantu,66.2,60,85,53,sedang,Kondisi biofisik relatif mendukung pemulihan vegetasi.,mangrove-priority-2016-2025-v0.1
225,10,MPR-575F3635EC,Sokoi,Kuala Kampar,Pelalawan,0.31,P2,Regenerasi alami terbantu,66.2,60,85,53,sedang,Kondisi biofisik relatif mendukung pemulihan vegetasi.,mangrove-priority-2016-2025-v0.1
226,11,MPR-D46A3D3919,Sokoi,Kuala Kampar,Pelalawan,0.29,P2,Regenerasi alami terbantu,66.2,60,85,53,sedang,Kondisi biofisik relatif mendukung pemulihan vegetasi.,mangrove-priority-2016-2025-v0.1
227,12,MPR-EFC5AAB2F7,Sokoi,Kuala Kampar,Pelalawan,0.29,P2,Regenerasi alami terbantu,66.2,60,85,53,sedang,Kondisi biofisik relatif mendukung pemulihan vegetasi.,mangrove-priority-2016-2025-v0.1
228,13,MPR-D01EC6271A,Sokoi,Kuala Kampar,Pelalawan,0.28,P2,Regenerasi alami terbantu,66.2,60,85,53,sedang,Kondisi biofisik relatif mendukung pemulihan vegetasi.,mangrove-priority-2016-2025-v0.1
229,14,MPR-712CD0F182,Sokoi,Kuala Kampar,Pelalawan,0.271,P2,Regenerasi alami terbantu,66.2,60,85,53,sedang,Kondisi biofisik relatif mendukung pemulihan vegetasi.,mangrove-priority-2016-2025-v0.1
230,15,MPR-A6B7D6C8CA,Sokoi,Kuala Kampar,Pelalawan,0.266,P2,Regenerasi alami terbantu,66.2,60,85,53,sedang,Kondisi biofisik relatif mendukung pemulihan vegetasi.,mangrove-priority-2016-2025-v0.1
231,16,MPR-48A9B09FB0,Sokoi,Kuala Kampar,Pelalawan,0.26,P2,Regenerasi alami terbantu,66.2,60,85,53,sedang,Kondisi biofisik relatif mendukung pemulihan vegetasi.,mangrove-priority-2016-2025-v0.1
232,17,MPR-DAC08BB43B,Sokoi,Kuala Kampar,Pelalawan,0.25,P2,Regenerasi alami terbantu,66.2,60,85,53,sedang,Kondisi biofisik relatif mendukung pemulihan vegetasi.,mangrove-priority-2016-2025-v0.1
233,18,MPR-E604D4817E,Sokoi,Kuala Kampar,Pelalawan,0.25,P2,Regenerasi alami terbantu,66.2,60,85,53,sedang,Kondisi biofisik relatif mendukung pemulihan vegetasi.,mangrove-priority-2016-2025-v0.1
234,19,MPR-FBE172743C,Sokoi,Kuala Kampar,Pelalawan,0.24,P2,Regenerasi alami terbantu,66.2,60,85,53,sedang,Kondisi biofisik relatif mendukung pemulihan vegetasi.,mangrove-priority-2016-2025-v0.1
235,20,MPR-5B40F086A0,Sokoi,Kuala Kampar,Pelalawan,0.23,P2,Regenerasi alami terbantu,66.2,60,85,53,sedang,Kondisi biofisik relatif mendukung pemulihan vegetasi.,mangrove-priority-2016-2025-v0.1
236,21,MPR-7A14E0DABE,Sokoi,Kuala Kampar,Pelalawan,0.21,P2,Regenerasi alami terbantu,66.2,60,85,53,sedang,Kondisi biofisik relatif mendukung pemulihan vegetasi.,mangrove-priority-2016-2025-v0.1
237,22,MPR-912B3D2959,Sokoi,Kuala Kampar,Pelalawan,0.2,P2,Regenerasi alami terbantu,66.2,60,85,53,sedang,Kondisi biofisik relatif mendukung pemulihan vegetasi.,mangrove-priority-2016-2025-v0.1
238,23,MPR-FE40B695B4,Sokoi,Kuala Kampar,Pelalawan,0.2,P2,Regenerasi alami terbantu,66.2,60,85,53,sedang,Kondisi biofisik relatif mendukung pemulihan vegetasi.,mangrove-priority-2016-2025-v0.1
239,24,MPR-657926B233,Sokoi,Kuala Kampar,Pelalawan,0.18,P2,Regenerasi alami terbantu,66.2,60,85,53,sedang,Kondisi biofisik relatif mendukung pemulihan vegetasi.,mangrove-priority-2016-2025-v0.1
240,25,MPR-AAC0627A35,Sokoi,Kuala Kampar,Pelalawan,0.18,P2,Regenerasi alami terbantu,66.2,60,85,53,sedang,Kondisi biofisik relatif mendukung pemulihan vegetasi.,mangrove-priority-2016-2025-v0.1
241,26,MPR-2CC9C22E58,Sokoi,Kuala Kampar,Pelalawan,0.17,P2,Regenerasi alami terbantu,66.2,60,85,53,sedang,Kondisi biofisik relatif mendukung pemulihan vegetasi.,mangrove-priority-2016-2025-v0.1
242,27,MPR-863E1C4CC3,Sokoi,Kuala Kampar,Pelalawan,0.17,P2,Regenerasi alami terbantu,66.2,60,85,53,sedang,Kondisi biofisik relatif mendukung pemulihan vegetasi.,mangrove-priority-2016-2025-v0.1
243,28,MPR-9CC73EB4CD,Sokoi,Kuala Kampar,Pelalawan,0.162,P2,Regenerasi alami terbantu,66.2,60,85,53,sedang,Kondisi biofisik relatif mendukung pemulihan vegetasi.,mangrove-priority-2016-2025-v0.1
244,29,MPR-69EEA0C840,Sokoi,Kuala Kampar,Pelalawan,0.16,P2,Regenerasi alami terbantu,66.2,60,85,53,sedang,Kondisi biofisik relatif mendukung pemulihan vegetasi.,mangrove-priority-2016-2025-v0.1
245,30,MPR-965047E2C8,Sokoi,Kuala Kampar,Pelalawan,0.16,P2,Regenerasi alami terbantu,66.2,60,85,53,sedang,Kondisi biofisik relatif mendukung pemulihan vegetasi.,mangrove-priority-2016-2025-v0.1
246,31,MPR-03961D8EEB,Sokoi,Kuala Kampar,Pelalawan,0.15,P2,Regenerasi alami terbantu,66.2,60,85,53,sedang,Kondisi biofisik relatif mendukung pemulihan vegetasi.,mangrove-priority-2016-2025-v0.1
247,32,MPR-95CB15ED5F,Sokoi,Kuala Kampar,Pelalawan,0.15,P2,Regenerasi alami terbantu,66.2,60,85,53,sedang,Kondisi biofisik relatif mendukung pemulihan vegetasi.,mangrove-priority-2016-2025-v0.1
248,33,MPR-CB38E940DE,Sokoi,Kuala Kampar,Pelalawan,0.15,P2,Regenerasi alami terbantu,66.2,60,85,53,sedang,Kondisi biofisik relatif mendukung pemulihan vegetasi.,mangrove-priority-2016-2025-v0.1
249,34,MPR-30D2D18241,Sokoi,Kuala Kampar,Pelalawan,0.14,P2,Regenerasi alami terbantu,66.2,60,85,53,sedang,Kondisi biofisik relatif mendukung pemulihan vegetasi.,mangrove-priority-2016-2025-v0.1
250,35,MPR-BC1144FD40,Sokoi,Kuala Kampar,Pelalawan,0.14,P2,Regenerasi alami terbantu,66.2,60,85,53,sedang,Kondisi biofisik relatif mendukung pemulihan vegetasi.,mangrove-priority-2016-2025-v0.1
251,36,MPR-BDA9CEE881,Sokoi,Kuala Kampar,Pelalawan,0.14,P2,Regenerasi alami terbantu,66.2,60,85,53,sedang,Kondisi biofisik relatif mendukung pemulihan vegetasi.,mangrove-priority-2016-2025-v0.1
252,37,MPR-90750237BA,Sokoi,Kuala Kampar,Pelalawan,0.13,P2,Regenerasi alami terbantu,66.2,60,85,53,sedang,Kondisi biofisik relatif mendukung pemulihan vegetasi.,mangrove-priority-2016-2025-v0.1
253,38,MPR-AB09D856CF,Sokoi,Kuala Kampar,Pelalawan,0.13,P2,Regenerasi alami terbantu,66.2,60,85,53,sedang,Kondisi biofisik relatif mendukung pemulihan vegetasi.,mangrove-priority-2016-2025-v0.1
254,39,MPR-8F292ED1DF,Sokoi,Kuala Kampar,Pelalawan,0.12,P2,Regenerasi alami terbantu,66.2,60,85,53,sedang,Kondisi biofisik relatif mendukung pemulihan vegetasi.,mangrove-priority-2016-2025-v0.1
255,40,MPR-BA17DDA286,Sokoi,Kuala Kampar,Pelalawan,0.12,P2,Regenerasi alami terbantu,66.2,60,85,53,sedang,Kondisi biofisik relatif mendukung pemulihan vegetasi.,mangrove-priority-2016-2025-v0.1
256,41,MPR-0DDFDA330F,Sokoi,Kuala Kampar,Pelalawan,0.11,P2,Regenerasi alami terbantu,66.2,60,85,53,sedang,Kondisi biofisik relatif mendukung pemulihan vegetasi.,mangrove-priority-2016-2025-v0.1
257,42,MPR-89A34ECF6C,Sokoi,Kuala Kampar,Pelalawan,0.11,P2,Regenerasi alami terbantu,66.2,60,85,53,sedang,Kondisi biofisik relatif mendukung pemulihan vegetasi.,mangrove-priority-2016-2025-v0.1
258,43,MPR-9C3494441B,Sokoi,Kuala Kampar,Pelalawan,0.11,P2,Regenerasi alami terbantu,66.2,60,85,53,sedang,Kondisi biofisik relatif mendukung pemulihan vegetasi.,mangrove-priority-2016-2025-v0.1
259,44,MPR-E8BB5D6433,Sokoi,Kuala Kampar,Pelalawan,0.11,P2,Regenerasi alami terbantu,66.2,60,85,53,sedang,Kondisi biofisik relatif mendukung pemulihan vegetasi.,mangrove-priority-2016-2025-v0.1
260,45,MPR-1FA2BB12A3,Sokoi,Kuala Kampar,Pelalawan,0.1,P2,Regenerasi alami terbantu,66.2,60,85,53,sedang,Kondisi biofisik relatif mendukung pemulihan vegetasi.,mangrove-priority-2016-2025-v0.1
261,46,MPR-66DBFB6457,Sokoi,Kuala Kampar,Pelalawan,0.1,P2,Regenerasi alami terbantu,66.2,60,85,53,sedang,Kondisi biofisik relatif mendukung pemulihan vegetasi.,mangrove-priority-2016-2025-v0.1
262,47,MPR-7F6EAE85CC,Sokoi,Kuala Kampar,Pelalawan,0.1,P2,Regenerasi alami terbantu,66.2,60,85,53,sedang,Kondisi biofisik relatif mendukung pemulihan vegetasi.,mangrove-priority-2016-2025-v0.1
263,48,MPR-9CC481FFBC,Sokoi,Kuala Kampar,Pelalawan,0.1,P2,Regenerasi alami terbantu,66.2,60,85,53,sedang,Kondisi biofisik relatif mendukung pemulihan vegetasi.,mangrove-priority-2016-2025-v0.1
264,49,MPR-F80F851219,Sokoi,Kuala Kampar,Pelalawan,0.097,P2,Regenerasi alami terbantu,66.2,60,85,53,sedang,Kondisi biofisik relatif mendukung pemulihan vegetasi.,mangrove-priority-2016-2025-v0.1
265,50,MPR-1D9A4BAE18,Sokoi,Kuala Kampar,Pelalawan,0.08,P2,Regenerasi alami terbantu,66.2,60,85,53,sedang,Kondisi biofisik relatif mendukung pemulihan vegetasi.,mangrove-priority-2016-2025-v0.1
266,51,MPR-39A72206A6,Sokoi,Kuala Kampar,Pelalawan,0.08,P2,Regenerasi alami terbantu,66.2,60,85,53,sedang,Kondisi biofisik relatif mendukung pemulihan vegetasi.,mangrove-priority-2016-2025-v0.1
267,52,MPR-80193A6D9A,Sokoi,Kuala Kampar,Pelalawan,0.08,P2,Regenerasi alami terbantu,66.2,60,85,53,sedang,Kondisi biofisik relatif mendukung pemulihan vegetasi.,mangrove-priority-2016-2025-v0.1
268,53,MPR-94F937D557,Sokoi,Kuala Kampar,Pelalawan,0.08,P2,Regenerasi alami terbantu,66.2,60,85,53,sedang,Kondisi biofisik relatif mendukung pemulihan vegetasi.,mangrove-priority-2016-2025-v0.1
269,54,MPR-B4A85DC63E,Sokoi,Kuala Kampar,Pelalawan,0.08,P2,Regenerasi alami terbantu,66.2,60,85,53,sedang,Kondisi biofisik relatif mendukung pemulihan vegetasi.,mangrove-priority-2016-2025-v0.1
270,55,MPR-F65DC76C0D,Sokoi,Kuala Kampar,Pelalawan,0.08,P2,Regenerasi alami terbantu,66.2,60,85,53,sedang,Kondisi biofisik relatif mendukung pemulihan vegetasi.,mangrove-priority-2016-2025-v0.1
271,56,MPR-7AEE142678,Sokoi,Kuala Kampar,Pelalawan,0.05,P2,Regenerasi alami terbantu,66.2,60,85,53,sedang,Kondisi biofisik relatif mendukung pemulihan vegetasi.,mangrove-priority-2016-2025-v0.1
272,57,MPR-BE0BC8EE58,Sokoi,Kuala Kampar,Pelalawan,0.05,P2,Regenerasi alami terbantu,66.2,60,85,53,sedang,Kondisi biofisik relatif mendukung pemulihan vegetasi.,mangrove-priority-2016-2025-v0.1
273,58,MPR-DB2832C3D0,Sokoi,Kuala Kampar,Pelalawan,0.05,P2,Regenerasi alami terbantu,66.2,60,85,53,sedang,Kondisi biofisik relatif mendukung pemulihan vegetasi.,mangrove-priority-2016-2025-v0.1
274,59,MPR-EBE0F706D1,Sokoi,Kuala Kampar,Pelalawan,1.73,P2,Regenerasi alami terbantu,66.0,62,83,55,sedang,Kondisi biofisik relatif mendukung pemulihan vegetasi.,mangrove-priority-2016-2025-v0.1
275,60,MPR-292E994B02,Sokoi,Kuala Kampar,Pelalawan,1.54,P2,Regenerasi alami terbantu,66.0,62,83,55,sedang,Kondisi biofisik relatif mendukung pemulihan vegetasi.,mangrove-priority-2016-2025-v0.1
276,61,MPR-5BBA620CE4,Sokoi,Kuala Kampar,Pelalawan,1.04,P2,Regenerasi alami terbantu,66.0,61,84,54,sedang,Kondisi biofisik relatif mendukung pemulihan vegetasi.,mangrove-priority-2016-2025-v0.1
277,62,MPR-61ECA1A396,Sokoi,Kuala Kampar,Pelalawan,1.0,P2,Regenerasi alami terbantu,66.0,61,84,54,sedang,Kondisi biofisik relatif mendukung pemulihan vegetasi.,mangrove-priority-2016-2025-v0.1
278,63,MPR-D758F8D733,Sokoi,Kuala Kampar,Pelalawan,0.81,P2,Regenerasi alami terbantu,66.0,61,84,54,sedang,Kondisi biofisik relatif mendukung pemulihan vegetasi.,mangrove-priority-2016-2025-v0.1
279,64,MPR-2D4E250FBB,Sokoi,Kuala Kampar,Pelalawan,0.674,P2,Regenerasi alami terbantu,66.0,61,84,54,sedang,Kondisi biofisik relatif mendukung pemulihan vegetasi.,mangrove-priority-2016-2025-v0.1
280,65,MPR-27FA1DB336,Sokoi,Kuala Kampar,Pelalawan,0.63,P2,Regenerasi alami terbantu,66.0,61,84,54,sedang,Kondisi biofisik relatif mendukung pemulihan vegetasi.,mangrove-priority-2016-2025-v0.1
281,66,MPR-F7BF95A025,Sokoi,Kuala Kampar,Pelalawan,0.6,P2,Regenerasi alami terbantu,66.0,61,84,54,sedang,Kondisi biofisik relatif mendukung pemulihan vegetasi.,mangrove-priority-2016-2025-v0.1
282,67,MPR-EBD4465D23,Sokoi,Kuala Kampar,Pelalawan,0.59,P2,Regenerasi alami terbantu,66.0,61,84,54,sedang,Kondisi biofisik relatif mendukung pemulihan vegetasi.,mangrove-priority-2016-2025-v0.1
283,68,MPR-20541C59BB,Sokoi,Kuala Kampar,Pelalawan,0.58,P2,Regenerasi alami terbantu,66.0,61,84,54,sedang,Kondisi biofisik relatif mendukung pemulihan vegetasi.,mangrove-priority-2016-2025-v0.1
284,69,MPR-5858E21E07,Sokoi,Kuala Kampar,Pelalawan,3.0,P2,Regenerasi alami terbantu,65.8,64,81,57,sedang,Kondisi biofisik relatif mendukung pemulihan vegetasi.,mangrove-priority-2016-2025-v0.1
285,70,MPR-4ECDB865CB,Sokoi,Kuala Kampar,Pelalawan,2.955,P2,Regenerasi alami terbantu,65.8,64,81,57,sedang,Kondisi biofisik relatif mendukung pemulihan vegetasi.,mangrove-priority-2016-2025-v0.1
286,71,MPR-CB4C292FA6,Sokoi,Kuala Kampar,Pelalawan,2.19,P2,Regenerasi alami terbantu,65.8,63,82,56,sedang,Kondisi biofisik relatif mendukung pemulihan vegetasi.,mangrove-priority-2016-2025-v0.1
287,72,MPR-7F4904AD17,Sokoi,Kuala Kampar,Pelalawan,0.41,P2,Regenerasi alami terbantu,65.8,60,84,53,sedang,Kondisi biofisik relatif mendukung pemulihan vegetasi.,mangrove-priority-2016-2025-v0.1
288,73,MPR-C2B416555A,Sokoi,Kuala Kampar,Pelalawan,0.38,P2,Regenerasi alami terbantu,65.8,60,84,53,sedang,Kondisi biofisik relatif mendukung pemulihan vegetasi.,mangrove-priority-2016-2025-v0.1
289,74,MPR-574FDE5F7A,Sokoi,Kuala Kampar,Pelalawan,1.81,P2,Regenerasi alami terbantu,65.6,62,82,55,sedang,Kondisi biofisik relatif mendukung pemulihan vegetasi.,mangrove-priority-2016-2025-v0.1
290,75,MPR-291F25683E,Sokoi,Kuala Kampar,Pelalawan,2.0,P2,Regenerasi alami terbantu,65.4,62,82,56,sedang,Kondisi biofisik relatif mendukung pemulihan vegetasi.,mangrove-priority-2016-2025-v0.1
291,76,MPR-BC327088FE,Sokoi,Kuala Kampar,Pelalawan,3.57,P2,Regenerasi alami terbantu,65.2,64,80,58,sedang,Kondisi biofisik relatif mendukung pemulihan vegetasi.,mangrove-priority-2016-2025-v0.1
292,77,MPR-CAD2897B2D,Sokoi,Kuala Kampar,Pelalawan,4.44,P1,Penanaman aktif,65.1,65,79,59,sedang,Kebutuhan dan kelayakan relatif tinggi.,mangrove-priority-2016-2025-v0.1
293,1,MPR-BB2FAC537E,Sungai Upih,Kuala Kampar,Pelalawan,0.16,P4,Perlindungan pantai dahulu,62.7,63,85,77,tinggi,Risiko ketidakstabilan pesisir relatif tinggi.,mangrove-priority-2016-2025-v0.1
294,2,MPR-6CADEA80C6,Sungai Upih,Kuala Kampar,Pelalawan,0.15,P4,Perlindungan pantai dahulu,62.7,63,85,77,tinggi,Risiko ketidakstabilan pesisir relatif tinggi.,mangrove-priority-2016-2025-v0.1
295,3,MPR-AFD3BE0075,Sungai Upih,Kuala Kampar,Pelalawan,0.15,P4,Perlindungan pantai dahulu,62.7,63,85,77,tinggi,Risiko ketidakstabilan pesisir relatif tinggi.,mangrove-priority-2016-2025-v0.1
296,4,MPR-FE45DD0D34,Sungai Upih,Kuala Kampar,Pelalawan,0.15,P4,Perlindungan pantai dahulu,62.7,63,85,77,tinggi,Risiko ketidakstabilan pesisir relatif tinggi.,mangrove-priority-2016-2025-v0.1
297,5,MPR-40CDD301F2,Sungai Upih,Kuala Kampar,Pelalawan,0.14,P4,Perlindungan pantai dahulu,62.7,63,85,77,tinggi,Risiko ketidakstabilan pesisir relatif tinggi.,mangrove-priority-2016-2025-v0.1
298,6,MPR-4DACB447D4,Sungai Upih,Kuala Kampar,Pelalawan,0.14,P4,Perlindungan pantai dahulu,62.7,63,85,77,tinggi,Risiko ketidakstabilan pesisir relatif tinggi.,mangrove-priority-2016-2025-v0.1
299,7,MPR-6C25E5C31C,Sungai Upih,Kuala Kampar,Pelalawan,0.14,P4,Perlindungan pantai dahulu,62.7,63,85,77,tinggi,Risiko ketidakstabilan pesisir relatif tinggi.,mangrove-priority-2016-2025-v0.1
300,8,MPR-BD21ECA743,Sungai Upih,Kuala Kampar,Pelalawan,0.14,P4,Perlindungan pantai dahulu,62.7,63,85,77,tinggi,Risiko ketidakstabilan pesisir relatif tinggi.,mangrove-priority-2016-2025-v0.1
301,9,MPR-862981D5B7,Sungai Upih,Kuala Kampar,Pelalawan,0.13,P4,Perlindungan pantai dahulu,62.7,63,85,77,tinggi,Risiko ketidakstabilan pesisir relatif tinggi.,mangrove-priority-2016-2025-v0.1
302,10,MPR-E3EFC92790,Sungai Upih,Kuala Kampar,Pelalawan,0.13,P4,Perlindungan pantai dahulu,62.7,63,85,77,tinggi,Risiko ketidakstabilan pesisir relatif tinggi.,mangrove-priority-2016-2025-v0.1
303,11,MPR-F049197EE0,Sungai Upih,Kuala Kampar,Pelalawan,0.13,P4,Perlindungan pantai dahulu,62.7,63,85,77,tinggi,Risiko ketidakstabilan pesisir relatif tinggi.,mangrove-priority-2016-2025-v0.1
304,12,MPR-03F85EA8F4,Sungai Upih,Kuala Kampar,Pelalawan,0.12,P4,Perlindungan pantai dahulu,62.7,63,85,77,tinggi,Risiko ketidakstabilan pesisir relatif tinggi.,mangrove-priority-2016-2025-v0.1
305,13,MPR-094909B076,Sungai Upih,Kuala Kampar,Pelalawan,0.11,P4,Perlindungan pantai dahulu,62.7,63,85,77,tinggi,Risiko ketidakstabilan pesisir relatif tinggi.,mangrove-priority-2016-2025-v0.1
306,14,MPR-20F306500C,Sungai Upih,Kuala Kampar,Pelalawan,0.11,P4,Perlindungan pantai dahulu,62.7,63,85,77,tinggi,Risiko ketidakstabilan pesisir relatif tinggi.,mangrove-priority-2016-2025-v0.1
307,15,MPR-271A2B68C5,Sungai Upih,Kuala Kampar,Pelalawan,0.11,P4,Perlindungan pantai dahulu,62.7,63,85,77,tinggi,Risiko ketidakstabilan pesisir relatif tinggi.,mangrove-priority-2016-2025-v0.1
308,16,MPR-AB3EF54677,Sungai Upih,Kuala Kampar,Pelalawan,0.11,P4,Perlindungan pantai dahulu,62.7,63,85,77,tinggi,Risiko ketidakstabilan pesisir relatif tinggi.,mangrove-priority-2016-2025-v0.1
309,17,MPR-39DB1D959E,Sungai Upih,Kuala Kampar,Pelalawan,0.1,P4,Perlindungan pantai dahulu,62.7,63,85,77,tinggi,Risiko ketidakstabilan pesisir relatif tinggi.,mangrove-priority-2016-2025-v0.1
310,18,MPR-5D2958D46E,Sungai Upih,Kuala Kampar,Pelalawan,0.1,P4,Perlindungan pantai dahulu,62.7,63,85,77,tinggi,Risiko ketidakstabilan pesisir relatif tinggi.,mangrove-priority-2016-2025-v0.1
311,19,MPR-C875DCDCBC,Sungai Upih,Kuala Kampar,Pelalawan,0.1,P4,Perlindungan pantai dahulu,62.7,63,85,77,tinggi,Risiko ketidakstabilan pesisir relatif tinggi.,mangrove-priority-2016-2025-v0.1
312,20,MPR-E51A0C0325,Sungai Upih,Kuala Kampar,Pelalawan,0.1,P4,Perlindungan pantai dahulu,62.7,63,85,77,tinggi,Risiko ketidakstabilan pesisir relatif tinggi.,mangrove-priority-2016-2025-v0.1
313,21,MPR-57046731F0,Sungai Upih,Kuala Kampar,Pelalawan,0.08,P4,Perlindungan pantai dahulu,62.7,63,85,77,tinggi,Risiko ketidakstabilan pesisir relatif tinggi.,mangrove-priority-2016-2025-v0.1
314,22,MPR-7D3163F06B,Sungai Upih,Kuala Kampar,Pelalawan,0.08,P4,Perlindungan pantai dahulu,62.7,63,85,77,tinggi,Risiko ketidakstabilan pesisir relatif tinggi.,mangrove-priority-2016-2025-v0.1
315,23,MPR-8C113C318A,Sungai Upih,Kuala Kampar,Pelalawan,0.08,P4,Perlindungan pantai dahulu,62.7,63,85,77,tinggi,Risiko ketidakstabilan pesisir relatif tinggi.,mangrove-priority-2016-2025-v0.1
316,24,MPR-A10A822E20,Sungai Upih,Kuala Kampar,Pelalawan,0.08,P4,Perlindungan pantai dahulu,62.7,63,85,77,tinggi,Risiko ketidakstabilan pesisir relatif tinggi.,mangrove-priority-2016-2025-v0.1
317,25,MPR-B14660B8B4,Sungai Upih,Kuala Kampar,Pelalawan,0.08,P4,Perlindungan pantai dahulu,62.7,63,85,77,tinggi,Risiko ketidakstabilan pesisir relatif tinggi.,mangrove-priority-2016-2025-v0.1
318,26,MPR-1472BC5DD8,Sungai Upih,Kuala Kampar,Pelalawan,0.05,P4,Perlindungan pantai dahulu,62.7,63,85,77,tinggi,Risiko ketidakstabilan pesisir relatif tinggi.,mangrove-priority-2016-2025-v0.1
319,27,MPR-5E690412B2,Sungai Upih,Kuala Kampar,Pelalawan,0.05,P4,Perlindungan pantai dahulu,62.7,63,85,77,tinggi,Risiko ketidakstabilan pesisir relatif tinggi.,mangrove-priority-2016-2025-v0.1
320,28,MPR-749D1CC36F,Sungai Upih,Kuala Kampar,Pelalawan,0.05,P4,Perlindungan pantai dahulu,62.7,63,85,77,tinggi,Risiko ketidakstabilan pesisir relatif tinggi.,mangrove-priority-2016-2025-v0.1
321,29,MPR-C8FD9B676C,Sungai Upih,Kuala Kampar,Pelalawan,0.05,X,Tidak direkomendasikan,62.7,63,85,77,tinggi,Area terlalu kecil dan terisolasi untuk diprioritaskan.,mangrove-priority-2016-2025-v0.1
322,30,MPR-38F6A6F0B5,Sungai Upih,Kuala Kampar,Pelalawan,0.58,P4,Perlindungan pantai dahulu,62.6,64,84,78,tinggi,Risiko ketidakstabilan pesisir relatif tinggi.,mangrove-priority-2016-2025-v0.1
323,31,MPR-F6D3E88D46,Sungai Upih,Kuala Kampar,Pelalawan,0.54,P4,Perlindungan pantai dahulu,62.6,64,84,78,tinggi,Risiko ketidakstabilan pesisir relatif tinggi.,mangrove-priority-2016-2025-v0.1
324,32,MPR-C4E8A8C479,Sungai Upih,Kuala Kampar,Pelalawan,0.53,P4,Perlindungan pantai dahulu,62.6,64,84,78,tinggi,Risiko ketidakstabilan pesisir relatif tinggi.,mangrove-priority-2016-2025-v0.1
325,33,MPR-C0EC9A0E4C,Sungai Upih,Kuala Kampar,Pelalawan,0.45,P4,Perlindungan pantai dahulu,62.6,64,84,78,tinggi,Risiko ketidakstabilan pesisir relatif tinggi.,mangrove-priority-2016-2025-v0.1
326,34,MPR-FEF25F887A,Sungai Upih,Kuala Kampar,Pelalawan,1.31,P4,Perlindungan pantai dahulu,62.5,65,83,79,tinggi,Risiko ketidakstabilan pesisir relatif tinggi.,mangrove-priority-2016-2025-v0.1
327,35,MPR-8EEA94B208,Sungai Upih,Kuala Kampar,Pelalawan,1.26,P4,Perlindungan pantai dahulu,62.5,65,83,79,tinggi,Risiko ketidakstabilan pesisir relatif tinggi.,mangrove-priority-2016-2025-v0.1
328,36,MPR-2673E287E9,Sungai Upih,Kuala Kampar,Pelalawan,0.34,P4,Perlindungan pantai dahulu,62.5,63,85,78,tinggi,Risiko ketidakstabilan pesisir relatif tinggi.,mangrove-priority-2016-2025-v0.1
329,37,MPR-A0B3D68A8B,Sungai Upih,Kuala Kampar,Pelalawan,0.34,P4,Perlindungan pantai dahulu,62.5,63,85,78,tinggi,Risiko ketidakstabilan pesisir relatif tinggi.,mangrove-priority-2016-2025-v0.1
330,38,MPR-E6AF8C3043,Sungai Upih,Kuala Kampar,Pelalawan,0.33,P4,Perlindungan pantai dahulu,62.5,63,85,78,tinggi,Risiko ketidakstabilan pesisir relatif tinggi.,mangrove-priority-2016-2025-v0.1
331,39,MPR-65076993E5,Sungai Upih,Kuala Kampar,Pelalawan,0.32,P4,Perlindungan pantai dahulu,62.5,63,85,78,tinggi,Risiko ketidakstabilan pesisir relatif tinggi.,mangrove-priority-2016-2025-v0.1
332,40,MPR-179AC0337B,Sungai Upih,Kuala Kampar,Pelalawan,0.3,P4,Perlindungan pantai dahulu,62.5,63,85,78,tinggi,Risiko ketidakstabilan pesisir relatif tinggi.,mangrove-priority-2016-2025-v0.1
333,41,MPR-1E5BEA0396,Sungai Upih,Kuala Kampar,Pelalawan,0.29,P4,Perlindungan pantai dahulu,62.5,63,85,78,tinggi,Risiko ketidakstabilan pesisir relatif tinggi.,mangrove-priority-2016-2025-v0.1
334,42,MPR-35FDAD8C83,Sungai Upih,Kuala Kampar,Pelalawan,0.29,P4,Perlindungan pantai dahulu,62.5,63,85,78,tinggi,Risiko ketidakstabilan pesisir relatif tinggi.,mangrove-priority-2016-2025-v0.1
335,43,MPR-19A442F034,Sungai Upih,Kuala Kampar,Pelalawan,0.27,P4,Perlindungan pantai dahulu,62.5,63,85,78,tinggi,Risiko ketidakstabilan pesisir relatif tinggi.,mangrove-priority-2016-2025-v0.1
336,44,MPR-59A7CAF105,Sungai Upih,Kuala Kampar,Pelalawan,0.27,P4,Perlindungan pantai dahulu,62.5,63,85,78,tinggi,Risiko ketidakstabilan pesisir relatif tinggi.,mangrove-priority-2016-2025-v0.1
337,45,MPR-154131C670,Sungai Upih,Kuala Kampar,Pelalawan,0.24,P4,Perlindungan pantai dahulu,62.5,63,85,78,tinggi,Risiko ketidakstabilan pesisir relatif tinggi.,mangrove-priority-2016-2025-v0.1
338,46,MPR-F8F5E6C7C9,Sungai Upih,Kuala Kampar,Pelalawan,0.23,P4,Perlindungan pantai dahulu,62.5,63,85,78,tinggi,Risiko ketidakstabilan pesisir relatif tinggi.,mangrove-priority-2016-2025-v0.1
339,47,MPR-6BF6C30D45,Sungai Upih,Kuala Kampar,Pelalawan,0.22,P4,Perlindungan pantai dahulu,62.5,63,85,78,tinggi,Risiko ketidakstabilan pesisir relatif tinggi.,mangrove-priority-2016-2025-v0.1
340,48,MPR-F110E58C94,Sungai Upih,Kuala Kampar,Pelalawan,0.22,P4,Perlindungan pantai dahulu,62.5,63,85,78,tinggi,Risiko ketidakstabilan pesisir relatif tinggi.,mangrove-priority-2016-2025-v0.1
341,49,MPR-72A6FF323B,Sungai Upih,Kuala Kampar,Pelalawan,0.2,P4,Perlindungan pantai dahulu,62.5,63,85,78,tinggi,Risiko ketidakstabilan pesisir relatif tinggi.,mangrove-priority-2016-2025-v0.1
342,50,MPR-12327A45DF,Sungai Upih,Kuala Kampar,Pelalawan,0.19,P4,Perlindungan pantai dahulu,62.5,63,85,78,tinggi,Risiko ketidakstabilan pesisir relatif tinggi.,mangrove-priority-2016-2025-v0.1
343,51,MPR-B85B2054EB,Sungai Upih,Kuala Kampar,Pelalawan,0.18,P4,Perlindungan pantai dahulu,62.5,63,85,78,tinggi,Risiko ketidakstabilan pesisir relatif tinggi.,mangrove-priority-2016-2025-v0.1
344,52,MPR-61287EBFF6,Sungai Upih,Kuala Kampar,Pelalawan,1.05,P4,Perlindungan pantai dahulu,62.4,64,84,79,tinggi,Risiko ketidakstabilan pesisir relatif tinggi.,mangrove-priority-2016-2025-v0.1
345,53,MPR-C35D33DA97,Sungai Upih,Kuala Kampar,Pelalawan,1.03,P4,Perlindungan pantai dahulu,62.4,64,84,79,tinggi,Risiko ketidakstabilan pesisir relatif tinggi.,mangrove-priority-2016-2025-v0.1
346,54,MPR-F552E4A546,Sungai Upih,Kuala Kampar,Pelalawan,0.85,P4,Perlindungan pantai dahulu,62.4,64,84,79,tinggi,Risiko ketidakstabilan pesisir relatif tinggi.,mangrove-priority-2016-2025-v0.1
347,55,MPR-8671543CFA,Sungai Upih,Kuala Kampar,Pelalawan,0.84,P4,Perlindungan pantai dahulu,62.4,64,84,79,tinggi,Risiko ketidakstabilan pesisir relatif tinggi.,mangrove-priority-2016-2025-v0.1
348,56,MPR-CA7165D50D,Sungai Upih,Kuala Kampar,Pelalawan,1.53,P4,Perlindungan pantai dahulu,62.3,65,83,80,tinggi,Risiko ketidakstabilan pesisir relatif tinggi.,mangrove-priority-2016-2025-v0.1
349,57,MPR-1FD20E3F48,Sungai Upih,Kuala Kampar,Pelalawan,0.39,P4,Perlindungan pantai dahulu,62.1,63,84,78,tinggi,Risiko ketidakstabilan pesisir relatif tinggi.,mangrove-priority-2016-2025-v0.1
350,58,MPR-7589BD84A6,Sungai Upih,Kuala Kampar,Pelalawan,0.39,P4,Perlindungan pantai dahulu,62.1,63,84,78,tinggi,Risiko ketidakstabilan pesisir relatif tinggi.,mangrove-priority-2016-2025-v0.1
351,59,MPR-8C4212803A,Sungai Upih,Kuala Kampar,Pelalawan,0.384,P4,Perlindungan pantai dahulu,62.1,63,84,78,tinggi,Risiko ketidakstabilan pesisir relatif tinggi.,mangrove-priority-2016-2025-v0.1
352,60,MPR-77E3038573,Sungai Upih,Kuala Kampar,Pelalawan,0.38,P4,Perlindungan pantai dahulu,62.1,63,84,78,tinggi,Risiko ketidakstabilan pesisir relatif tinggi.,mangrove-priority-2016-2025-v0.1
353,61,MPR-508984AD75,Sungai Upih,Kuala Kampar,Pelalawan,0.37,P4,Perlindungan pantai dahulu,62.1,63,84,78,tinggi,Risiko ketidakstabilan pesisir relatif tinggi.,mangrove-priority-2016-2025-v0.1
354,62,MPR-5C558EA860,Sungai Upih,Kuala Kampar,Pelalawan,0.37,P4,Perlindungan pantai dahulu,62.1,63,84,78,tinggi,Risiko ketidakstabilan pesisir relatif tinggi.,mangrove-priority-2016-2025-v0.1
355,63,MPR-81041CA5B7,Sungai Upih,Kuala Kampar,Pelalawan,0.37,P4,Perlindungan pantai dahulu,62.1,63,84,78,tinggi,Risiko ketidakstabilan pesisir relatif tinggi.,mangrove-priority-2016-2025-v0.1
356,64,MPR-9ACEC65A2E,Sungai Upih,Kuala Kampar,Pelalawan,0.364,P4,Perlindungan pantai dahulu,62.1,63,84,78,tinggi,Risiko ketidakstabilan pesisir relatif tinggi.,mangrove-priority-2016-2025-v0.1
357,65,MPR-F76C76F5A0,Sungai Upih,Kuala Kampar,Pelalawan,0.36,P4,Perlindungan pantai dahulu,62.1,63,84,78,tinggi,Risiko ketidakstabilan pesisir relatif tinggi.,mangrove-priority-2016-2025-v0.1
358,66,MPR-18889E2495,Sungai Upih,Kuala Kampar,Pelalawan,1.85,P4,Perlindungan pantai dahulu,62.0,65,82,80,tinggi,Risiko ketidakstabilan pesisir relatif tinggi.,mangrove-priority-2016-2025-v0.1
359,67,MPR-2CE0B4FAFE,Sungai Upih,Kuala Kampar,Pelalawan,3.34,P4,Perlindungan pantai dahulu,61.8,67,80,82,tinggi,Risiko ketidakstabilan pesisir relatif tinggi.,mangrove-priority-2016-2025-v0.1
360,68,MPR-3E48840FC0,Sungai Upih,Kuala Kampar,Pelalawan,2.71,P4,Perlindungan pantai dahulu,61.8,66,81,81,tinggi,Risiko ketidakstabilan pesisir relatif tinggi.,mangrove-priority-2016-2025-v0.1
361,69,MPR-B4562A1449,Sungai Upih,Kuala Kampar,Pelalawan,3.64,P4,Perlindungan pantai dahulu,61.6,67,80,83,tinggi,Risiko ketidakstabilan pesisir relatif tinggi.,mangrove-priority-2016-2025-v0.1
362,70,MPR-97472FAC5A,Sungai Upih,Kuala Kampar,Pelalawan,3.55,P4,Perlindungan pantai dahulu,61.6,67,80,83,tinggi,Risiko ketidakstabilan pesisir relatif tinggi.,mangrove-priority-2016-2025-v0.1
363,71,MPR-B98B821ACA,Sungai Upih,Kuala Kampar,Pelalawan,5.87,P4,Perlindungan pantai dahulu,61.2,70,77,86,tinggi,Risiko ketidakstabilan pesisir relatif tinggi.,mangrove-priority-2016-2025-v0.1
364,72,MPR-99FEFD60F2,Sungai Upih,Kuala Kampar,Pelalawan,6.09,P4,Perlindungan pantai dahulu,60.9,70,76,86,tinggi,Risiko ketidakstabilan pesisir relatif tinggi.,mangrove-priority-2016-2025-v0.1
365,1,MPR-C803CD8FDF,Sungai Solok,Kuala Kampar,Pelalawan,0.92,P2,Regenerasi alami terbantu,60.9,41,79,26,sedang,Kondisi biofisik relatif mendukung pemulihan vegetasi.,mangrove-priority-2016-2025-v0.1
366,2,MPR-254945C852,Sungai Solok,Kuala Kampar,Pelalawan,0.44,P2,Regenerasi alami terbantu,60.9,41,79,26,sedang,Kondisi biofisik relatif mendukung pemulihan vegetasi.,mangrove-priority-2016-2025-v0.1
367,3,MPR-5C9BA17D38,Sungai Solok,Kuala Kampar,Pelalawan,1.58,P2,Regenerasi alami terbantu,60.8,42,78,27,sedang,Kondisi biofisik relatif mendukung pemulihan vegetasi.,mangrove-priority-2016-2025-v0.1
368,4,MPR-AA093940E9,Sungai Solok,Kuala Kampar,Pelalawan,2.42,P2,Regenerasi alami terbantu,60.5,43,77,29,sedang,Kondisi biofisik relatif mendukung pemulihan vegetasi.,mangrove-priority-2016-2025-v0.1
369,73,MPR-52F1153F4B,Sungai Upih,Kuala Kampar,Pelalawan,8.68,P4,Perlindungan pantai dahulu,60.4,73,73,90,tinggi,Risiko ketidakstabilan pesisir relatif tinggi.,mangrove-priority-2016-2025-v0.1
370,1,MPR-2DD32B61F2,Tanjung Sum,Kuala Kampar,Pelalawan,0.522,P2,Regenerasi alami terbantu,60.4,35,84,24,tinggi,Kondisi biofisik relatif mendukung pemulihan vegetasi.,mangrove-priority-2016-2025-v0.1
371,2,MPR-FE285AE3DF,Tanjung Sum,Kuala Kampar,Pelalawan,0.48,P2,Regenerasi alami terbantu,60.4,35,84,24,tinggi,Kondisi biofisik relatif mendukung pemulihan vegetasi.,mangrove-priority-2016-2025-v0.1
372,3,MPR-FAE96E657C,Tanjung Sum,Kuala Kampar,Pelalawan,0.42,P2,Regenerasi alami terbantu,60.4,35,84,24,tinggi,Kondisi biofisik relatif mendukung pemulihan vegetasi.,mangrove-priority-2016-2025-v0.1
373,4,MPR-7FD1610B77,Tanjung Sum,Kuala Kampar,Pelalawan,0.26,P2,Regenerasi alami terbantu,60.4,34,85,23,tinggi,Kondisi biofisik relatif mendukung pemulihan vegetasi.,mangrove-priority-2016-2025-v0.1
374,5,MPR-A14DA79374,Tanjung Sum,Kuala Kampar,Pelalawan,0.244,P2,Regenerasi alami terbantu,60.4,34,85,23,tinggi,Kondisi biofisik relatif mendukung pemulihan vegetasi.,mangrove-priority-2016-2025-v0.1
375,6,MPR-17B0FE3B85,Tanjung Sum,Kuala Kampar,Pelalawan,0.18,P2,Regenerasi alami terbantu,60.4,34,85,23,tinggi,Kondisi biofisik relatif mendukung pemulihan vegetasi.,mangrove-priority-2016-2025-v0.1
376,7,MPR-8BD5B66259,Tanjung Sum,Kuala Kampar,Pelalawan,0.17,P2,Regenerasi alami terbantu,60.4,34,85,23,tinggi,Kondisi biofisik relatif mendukung pemulihan vegetasi.,mangrove-priority-2016-2025-v0.1
377,8,MPR-42162B82F1,Tanjung Sum,Kuala Kampar,Pelalawan,0.13,P2,Regenerasi alami terbantu,60.4,34,85,23,tinggi,Kondisi biofisik relatif mendukung pemulihan vegetasi.,mangrove-priority-2016-2025-v0.1
378,9,MPR-59E1DA4298,Tanjung Sum,Kuala Kampar,Pelalawan,0.13,P2,Regenerasi alami terbantu,60.4,34,85,23,tinggi,Kondisi biofisik relatif mendukung pemulihan vegetasi.,mangrove-priority-2016-2025-v0.1
379,10,MPR-A75D0774F4,Tanjung Sum,Kuala Kampar,Pelalawan,0.12,P2,Regenerasi alami terbantu,60.4,34,85,23,tinggi,Kondisi biofisik relatif mendukung pemulihan vegetasi.,mangrove-priority-2016-2025-v0.1
380,11,MPR-9B4323E210,Tanjung Sum,Kuala Kampar,Pelalawan,0.1,P2,Regenerasi alami terbantu,60.4,34,85,23,tinggi,Kondisi biofisik relatif mendukung pemulihan vegetasi.,mangrove-priority-2016-2025-v0.1
381,12,MPR-4D47E621E5,Tanjung Sum,Kuala Kampar,Pelalawan,1.27,P2,Regenerasi alami terbantu,60.2,36,83,25,tinggi,Kondisi biofisik relatif mendukung pemulihan vegetasi.,mangrove-priority-2016-2025-v0.1
382,1,MPR-9D0CC4FC15,Serapung,Kuala Kampar,Pelalawan,0.34,P4,Perlindungan pantai dahulu,60.2,67,74,79,sedang,Risiko ketidakstabilan pesisir relatif tinggi.,mangrove-priority-2016-2025-v0.1
383,2,MPR-8C8E537AB2,Serapung,Kuala Kampar,Pelalawan,0.33,P4,Perlindungan pantai dahulu,60.2,67,74,79,sedang,Risiko ketidakstabilan pesisir relatif tinggi.,mangrove-priority-2016-2025-v0.1
384,3,MPR-FDC977A08F,Serapung,Kuala Kampar,Pelalawan,0.32,P4,Perlindungan pantai dahulu,60.2,67,74,79,sedang,Risiko ketidakstabilan pesisir relatif tinggi.,mangrove-priority-2016-2025-v0.1
385,4,MPR-6E95577576,Serapung,Kuala Kampar,Pelalawan,0.31,P4,Perlindungan pantai dahulu,60.2,67,74,79,sedang,Risiko ketidakstabilan pesisir relatif tinggi.,mangrove-priority-2016-2025-v0.1
386,5,MPR-FC7B3188FD,Serapung,Kuala Kampar,Pelalawan,0.31,P4,Perlindungan pantai dahulu,60.2,67,74,79,sedang,Risiko ketidakstabilan pesisir relatif tinggi.,mangrove-priority-2016-2025-v0.1
387,6,MPR-3B2C432F3F,Serapung,Kuala Kampar,Pelalawan,0.29,P4,Perlindungan pantai dahulu,60.2,67,74,79,sedang,Risiko ketidakstabilan pesisir relatif tinggi.,mangrove-priority-2016-2025-v0.1
388,7,MPR-13D0C7B526,Serapung,Kuala Kampar,Pelalawan,0.27,P4,Perlindungan pantai dahulu,60.2,67,74,79,sedang,Risiko ketidakstabilan pesisir relatif tinggi.,mangrove-priority-2016-2025-v0.1
389,8,MPR-57CAC285DE,Serapung,Kuala Kampar,Pelalawan,0.27,P4,Perlindungan pantai dahulu,60.2,67,74,79,sedang,Risiko ketidakstabilan pesisir relatif tinggi.,mangrove-priority-2016-2025-v0.1
390,9,MPR-9B1EE96CC9,Serapung,Kuala Kampar,Pelalawan,0.26,P4,Perlindungan pantai dahulu,60.2,67,74,79,sedang,Risiko ketidakstabilan pesisir relatif tinggi.,mangrove-priority-2016-2025-v0.1
391,10,MPR-A5E66F50D3,Serapung,Kuala Kampar,Pelalawan,0.26,P4,Perlindungan pantai dahulu,60.2,67,74,79,sedang,Risiko ketidakstabilan pesisir relatif tinggi.,mangrove-priority-2016-2025-v0.1
392,11,MPR-AE0BEBA9CC,Serapung,Kuala Kampar,Pelalawan,0.26,P4,Perlindungan pantai dahulu,60.2,67,74,79,sedang,Risiko ketidakstabilan pesisir relatif tinggi.,mangrove-priority-2016-2025-v0.1
393,12,MPR-34ED3FAC22,Serapung,Kuala Kampar,Pelalawan,0.25,P4,Perlindungan pantai dahulu,60.2,67,74,79,sedang,Risiko ketidakstabilan pesisir relatif tinggi.,mangrove-priority-2016-2025-v0.1
394,13,MPR-D9D8A61F6C,Serapung,Kuala Kampar,Pelalawan,0.23,P4,Perlindungan pantai dahulu,60.2,67,74,79,sedang,Risiko ketidakstabilan pesisir relatif tinggi.,mangrove-priority-2016-2025-v0.1
395,14,MPR-E2560222C2,Serapung,Kuala Kampar,Pelalawan,0.22,P4,Perlindungan pantai dahulu,60.2,67,74,79,sedang,Risiko ketidakstabilan pesisir relatif tinggi.,mangrove-priority-2016-2025-v0.1
396,15,MPR-31676B859D,Serapung,Kuala Kampar,Pelalawan,0.2,P4,Perlindungan pantai dahulu,60.2,67,74,79,sedang,Risiko ketidakstabilan pesisir relatif tinggi.,mangrove-priority-2016-2025-v0.1
397,16,MPR-58187C91EF,Serapung,Kuala Kampar,Pelalawan,0.19,P4,Perlindungan pantai dahulu,60.2,67,74,79,sedang,Risiko ketidakstabilan pesisir relatif tinggi.,mangrove-priority-2016-2025-v0.1
398,17,MPR-9FF00AC683,Serapung,Kuala Kampar,Pelalawan,0.19,P4,Perlindungan pantai dahulu,60.2,67,74,79,sedang,Risiko ketidakstabilan pesisir relatif tinggi.,mangrove-priority-2016-2025-v0.1
399,18,MPR-C9ADEFCEC8,Serapung,Kuala Kampar,Pelalawan,0.18,P4,Perlindungan pantai dahulu,60.2,67,74,79,sedang,Risiko ketidakstabilan pesisir relatif tinggi.,mangrove-priority-2016-2025-v0.1
400,19,MPR-F656FC16F8,Serapung,Kuala Kampar,Pelalawan,0.18,P4,Perlindungan pantai dahulu,60.2,67,74,79,sedang,Risiko ketidakstabilan pesisir relatif tinggi.,mangrove-priority-2016-2025-v0.1
401,20,MPR-63D64C19D7,Serapung,Kuala Kampar,Pelalawan,0.17,P4,Perlindungan pantai dahulu,60.2,67,74,79,sedang,Risiko ketidakstabilan pesisir relatif tinggi.,mangrove-priority-2016-2025-v0.1
402,21,MPR-C8A913C701,Serapung,Kuala Kampar,Pelalawan,0.17,P4,Perlindungan pantai dahulu,60.2,67,74,79,sedang,Risiko ketidakstabilan pesisir relatif tinggi.,mangrove-priority-2016-2025-v0.1
403,22,MPR-88B008A5EC,Serapung,Kuala Kampar,Pelalawan,0.16,P4,Perlindungan pantai dahulu,60.2,67,74,79,sedang,Risiko ketidakstabilan pesisir relatif tinggi.,mangrove-priority-2016-2025-v0.1
404,23,MPR-D6EAC8E19D,Serapung,Kuala Kampar,Pelalawan,0.16,P4,Perlindungan pantai dahulu,60.2,67,74,79,sedang,Risiko ketidakstabilan pesisir relatif tinggi.,mangrove-priority-2016-2025-v0.1
405,24,MPR-711EA5648B,Serapung,Kuala Kampar,Pelalawan,0.15,P4,Perlindungan pantai dahulu,60.2,67,74,79,sedang,Risiko ketidakstabilan pesisir relatif tinggi.,mangrove-priority-2016-2025-v0.1
406,25,MPR-99212614D3,Serapung,Kuala Kampar,Pelalawan,0.15,P4,Perlindungan pantai dahulu,60.2,67,74,79,sedang,Risiko ketidakstabilan pesisir relatif tinggi.,mangrove-priority-2016-2025-v0.1
407,26,MPR-0075B5CF50,Serapung,Kuala Kampar,Pelalawan,0.14,P4,Perlindungan pantai dahulu,60.2,67,74,79,sedang,Risiko ketidakstabilan pesisir relatif tinggi.,mangrove-priority-2016-2025-v0.1
408,27,MPR-F0C58793E5,Serapung,Kuala Kampar,Pelalawan,0.14,P4,Perlindungan pantai dahulu,60.2,67,74,79,sedang,Risiko ketidakstabilan pesisir relatif tinggi.,mangrove-priority-2016-2025-v0.1
409,28,MPR-A1C3E441D5,Serapung,Kuala Kampar,Pelalawan,0.13,P4,Perlindungan pantai dahulu,60.2,67,74,79,sedang,Risiko ketidakstabilan pesisir relatif tinggi.,mangrove-priority-2016-2025-v0.1
410,29,MPR-B482E83199,Serapung,Kuala Kampar,Pelalawan,0.13,P4,Perlindungan pantai dahulu,60.2,67,74,79,sedang,Risiko ketidakstabilan pesisir relatif tinggi.,mangrove-priority-2016-2025-v0.1
411,30,MPR-B4391BA871,Serapung,Kuala Kampar,Pelalawan,0.12,P4,Perlindungan pantai dahulu,60.2,67,74,79,sedang,Risiko ketidakstabilan pesisir relatif tinggi.,mangrove-priority-2016-2025-v0.1
412,31,MPR-6620A3FAB6,Serapung,Kuala Kampar,Pelalawan,0.11,P4,Perlindungan pantai dahulu,60.2,67,74,79,sedang,Risiko ketidakstabilan pesisir relatif tinggi.,mangrove-priority-2016-2025-v0.1
413,32,MPR-908FAB66EC,Serapung,Kuala Kampar,Pelalawan,0.11,P4,Perlindungan pantai dahulu,60.2,67,74,79,sedang,Risiko ketidakstabilan pesisir relatif tinggi.,mangrove-priority-2016-2025-v0.1
414,33,MPR-C45824A2A4,Serapung,Kuala Kampar,Pelalawan,0.11,P4,Perlindungan pantai dahulu,60.2,67,74,79,sedang,Risiko ketidakstabilan pesisir relatif tinggi.,mangrove-priority-2016-2025-v0.1
415,34,MPR-D781122443,Serapung,Kuala Kampar,Pelalawan,0.11,P4,Perlindungan pantai dahulu,60.2,67,74,79,sedang,Risiko ketidakstabilan pesisir relatif tinggi.,mangrove-priority-2016-2025-v0.1
416,35,MPR-DDFDFB5D79,Serapung,Kuala Kampar,Pelalawan,0.11,P4,Perlindungan pantai dahulu,60.2,67,74,79,sedang,Risiko ketidakstabilan pesisir relatif tinggi.,mangrove-priority-2016-2025-v0.1
417,36,MPR-43608FF7AF,Serapung,Kuala Kampar,Pelalawan,0.1,P4,Perlindungan pantai dahulu,60.2,67,74,79,sedang,Risiko ketidakstabilan pesisir relatif tinggi.,mangrove-priority-2016-2025-v0.1
418,37,MPR-82E0086737,Serapung,Kuala Kampar,Pelalawan,0.1,P4,Perlindungan pantai dahulu,60.2,67,74,79,sedang,Risiko ketidakstabilan pesisir relatif tinggi.,mangrove-priority-2016-2025-v0.1
419,38,MPR-B039516AC0,Serapung,Kuala Kampar,Pelalawan,0.1,P4,Perlindungan pantai dahulu,60.2,67,74,79,sedang,Risiko ketidakstabilan pesisir relatif tinggi.,mangrove-priority-2016-2025-v0.1
420,39,MPR-C121863CA3,Serapung,Kuala Kampar,Pelalawan,0.1,P4,Perlindungan pantai dahulu,60.2,67,74,79,sedang,Risiko ketidakstabilan pesisir relatif tinggi.,mangrove-priority-2016-2025-v0.1
421,40,MPR-D1CAA5C625,Serapung,Kuala Kampar,Pelalawan,0.1,P4,Perlindungan pantai dahulu,60.2,67,74,79,sedang,Risiko ketidakstabilan pesisir relatif tinggi.,mangrove-priority-2016-2025-v0.1
422,41,MPR-D49812AA9F,Serapung,Kuala Kampar,Pelalawan,0.1,P4,Perlindungan pantai dahulu,60.2,67,74,79,sedang,Risiko ketidakstabilan pesisir relatif tinggi.,mangrove-priority-2016-2025-v0.1
423,42,MPR-D7E4AA32E1,Serapung,Kuala Kampar,Pelalawan,0.087,P4,Perlindungan pantai dahulu,60.2,67,74,79,sedang,Risiko ketidakstabilan pesisir relatif tinggi.,mangrove-priority-2016-2025-v0.1
424,43,MPR-0D110D8A14,Serapung,Kuala Kampar,Pelalawan,0.08,P4,Perlindungan pantai dahulu,60.2,67,74,79,sedang,Risiko ketidakstabilan pesisir relatif tinggi.,mangrove-priority-2016-2025-v0.1
425,44,MPR-1E33E53AB0,Serapung,Kuala Kampar,Pelalawan,0.08,P4,Perlindungan pantai dahulu,60.2,67,74,79,sedang,Risiko ketidakstabilan pesisir relatif tinggi.,mangrove-priority-2016-2025-v0.1
426,45,MPR-1E6F2947B8,Serapung,Kuala Kampar,Pelalawan,0.08,P4,Perlindungan pantai dahulu,60.2,67,74,79,sedang,Risiko ketidakstabilan pesisir relatif tinggi.,mangrove-priority-2016-2025-v0.1
427,46,MPR-3DCA993996,Serapung,Kuala Kampar,Pelalawan,0.08,P4,Perlindungan pantai dahulu,60.2,67,74,79,sedang,Risiko ketidakstabilan pesisir relatif tinggi.,mangrove-priority-2016-2025-v0.1
428,47,MPR-47F522DE9F,Serapung,Kuala Kampar,Pelalawan,0.08,P4,Perlindungan pantai dahulu,60.2,67,74,79,sedang,Risiko ketidakstabilan pesisir relatif tinggi.,mangrove-priority-2016-2025-v0.1
429,48,MPR-4F310A8FB2,Serapung,Kuala Kampar,Pelalawan,0.08,P4,Perlindungan pantai dahulu,60.2,67,74,79,sedang,Risiko ketidakstabilan pesisir relatif tinggi.,mangrove-priority-2016-2025-v0.1
430,49,MPR-5BC19220BE,Serapung,Kuala Kampar,Pelalawan,0.08,P4,Perlindungan pantai dahulu,60.2,67,74,79,sedang,Risiko ketidakstabilan pesisir relatif tinggi.,mangrove-priority-2016-2025-v0.1
431,50,MPR-6F9402685E,Serapung,Kuala Kampar,Pelalawan,0.08,P4,Perlindungan pantai dahulu,60.2,67,74,79,sedang,Risiko ketidakstabilan pesisir relatif tinggi.,mangrove-priority-2016-2025-v0.1
432,51,MPR-8E02E3779C,Serapung,Kuala Kampar,Pelalawan,0.08,P4,Perlindungan pantai dahulu,60.2,67,74,79,sedang,Risiko ketidakstabilan pesisir relatif tinggi.,mangrove-priority-2016-2025-v0.1
433,52,MPR-B044310C92,Serapung,Kuala Kampar,Pelalawan,0.08,P4,Perlindungan pantai dahulu,60.2,67,74,79,sedang,Risiko ketidakstabilan pesisir relatif tinggi.,mangrove-priority-2016-2025-v0.1
434,53,MPR-BFB7713CD5,Serapung,Kuala Kampar,Pelalawan,0.08,P4,Perlindungan pantai dahulu,60.2,67,74,79,sedang,Risiko ketidakstabilan pesisir relatif tinggi.,mangrove-priority-2016-2025-v0.1
435,54,MPR-D1176733D9,Serapung,Kuala Kampar,Pelalawan,0.08,P4,Perlindungan pantai dahulu,60.2,67,74,79,sedang,Risiko ketidakstabilan pesisir relatif tinggi.,mangrove-priority-2016-2025-v0.1
436,55,MPR-D184A21982,Serapung,Kuala Kampar,Pelalawan,0.08,P4,Perlindungan pantai dahulu,60.2,67,74,79,sedang,Risiko ketidakstabilan pesisir relatif tinggi.,mangrove-priority-2016-2025-v0.1
437,56,MPR-D1EB59710E,Serapung,Kuala Kampar,Pelalawan,0.08,P4,Perlindungan pantai dahulu,60.2,67,74,79,sedang,Risiko ketidakstabilan pesisir relatif tinggi.,mangrove-priority-2016-2025-v0.1
438,57,MPR-E816189C1C,Serapung,Kuala Kampar,Pelalawan,0.08,P4,Perlindungan pantai dahulu,60.2,67,74,79,sedang,Risiko ketidakstabilan pesisir relatif tinggi.,mangrove-priority-2016-2025-v0.1
439,58,MPR-F235392C61,Serapung,Kuala Kampar,Pelalawan,0.08,P4,Perlindungan pantai dahulu,60.2,67,74,79,sedang,Risiko ketidakstabilan pesisir relatif tinggi.,mangrove-priority-2016-2025-v0.1
440,59,MPR-FED4C86AAB,Serapung,Kuala Kampar,Pelalawan,0.08,P4,Perlindungan pantai dahulu,60.2,67,74,79,sedang,Risiko ketidakstabilan pesisir relatif tinggi.,mangrove-priority-2016-2025-v0.1
441,60,MPR-FEE210AB39,Serapung,Kuala Kampar,Pelalawan,0.08,P4,Perlindungan pantai dahulu,60.2,67,74,79,sedang,Risiko ketidakstabilan pesisir relatif tinggi.,mangrove-priority-2016-2025-v0.1
442,61,MPR-0D6C2A4EF9,Serapung,Kuala Kampar,Pelalawan,0.05,P4,Perlindungan pantai dahulu,60.2,67,74,79,sedang,Risiko ketidakstabilan pesisir relatif tinggi.,mangrove-priority-2016-2025-v0.1
443,62,MPR-1349EFBD4B,Serapung,Kuala Kampar,Pelalawan,0.05,P4,Perlindungan pantai dahulu,60.2,67,74,79,sedang,Risiko ketidakstabilan pesisir relatif tinggi.,mangrove-priority-2016-2025-v0.1
444,63,MPR-1A77D1102E,Serapung,Kuala Kampar,Pelalawan,0.05,P4,Perlindungan pantai dahulu,60.2,67,74,79,sedang,Risiko ketidakstabilan pesisir relatif tinggi.,mangrove-priority-2016-2025-v0.1
445,64,MPR-3A86C9E97A,Serapung,Kuala Kampar,Pelalawan,0.05,P4,Perlindungan pantai dahulu,60.2,67,74,79,sedang,Risiko ketidakstabilan pesisir relatif tinggi.,mangrove-priority-2016-2025-v0.1
446,65,MPR-48D9D49FA0,Serapung,Kuala Kampar,Pelalawan,0.05,P4,Perlindungan pantai dahulu,60.2,67,74,79,sedang,Risiko ketidakstabilan pesisir relatif tinggi.,mangrove-priority-2016-2025-v0.1
447,66,MPR-783B39FB2B,Serapung,Kuala Kampar,Pelalawan,0.05,P4,Perlindungan pantai dahulu,60.2,67,74,79,sedang,Risiko ketidakstabilan pesisir relatif tinggi.,mangrove-priority-2016-2025-v0.1
448,67,MPR-BB83234759,Serapung,Kuala Kampar,Pelalawan,0.05,P4,Perlindungan pantai dahulu,60.2,67,74,79,sedang,Risiko ketidakstabilan pesisir relatif tinggi.,mangrove-priority-2016-2025-v0.1
449,68,MPR-EC5F98F6E9,Serapung,Kuala Kampar,Pelalawan,0.05,P4,Perlindungan pantai dahulu,60.2,67,74,79,sedang,Risiko ketidakstabilan pesisir relatif tinggi.,mangrove-priority-2016-2025-v0.1
450,69,MPR-527F1F9EC7,Serapung,Kuala Kampar,Pelalawan,0.91,P4,Perlindungan pantai dahulu,60.1,68,73,80,sedang,Risiko ketidakstabilan pesisir relatif tinggi.,mangrove-priority-2016-2025-v0.1
451,70,MPR-20979EA9E1,Serapung,Kuala Kampar,Pelalawan,0.83,P4,Perlindungan pantai dahulu,60.1,68,73,80,sedang,Risiko ketidakstabilan pesisir relatif tinggi.,mangrove-priority-2016-2025-v0.1
452,71,MPR-F54E7BEE23,Serapung,Kuala Kampar,Pelalawan,0.73,P4,Perlindungan pantai dahulu,60.1,68,73,80,sedang,Risiko ketidakstabilan pesisir relatif tinggi.,mangrove-priority-2016-2025-v0.1
453,72,MPR-D74A8A6B31,Serapung,Kuala Kampar,Pelalawan,0.57,P4,Perlindungan pantai dahulu,60.1,68,73,80,sedang,Risiko ketidakstabilan pesisir relatif tinggi.,mangrove-priority-2016-2025-v0.1
454,73,MPR-5FD37B3282,Serapung,Kuala Kampar,Pelalawan,0.52,P4,Perlindungan pantai dahulu,60.1,68,73,80,sedang,Risiko ketidakstabilan pesisir relatif tinggi.,mangrove-priority-2016-2025-v0.1
455,74,MPR-B5CD7068FB,Serapung,Kuala Kampar,Pelalawan,0.52,P4,Perlindungan pantai dahulu,60.1,68,73,80,sedang,Risiko ketidakstabilan pesisir relatif tinggi.,mangrove-priority-2016-2025-v0.1
456,75,MPR-67C6BDE102,Serapung,Kuala Kampar,Pelalawan,0.5,P4,Perlindungan pantai dahulu,60.1,68,73,80,sedang,Risiko ketidakstabilan pesisir relatif tinggi.,mangrove-priority-2016-2025-v0.1
457,76,MPR-577BD374FE,Serapung,Kuala Kampar,Pelalawan,0.49,P4,Perlindungan pantai dahulu,60.1,68,73,80,sedang,Risiko ketidakstabilan pesisir relatif tinggi.,mangrove-priority-2016-2025-v0.1
458,77,MPR-6B2EA53279,Serapung,Kuala Kampar,Pelalawan,0.47,P4,Perlindungan pantai dahulu,60.1,68,73,80,sedang,Risiko ketidakstabilan pesisir relatif tinggi.,mangrove-priority-2016-2025-v0.1
459,78,MPR-99AAFFE720,Serapung,Kuala Kampar,Pelalawan,0.47,P4,Perlindungan pantai dahulu,60.1,68,73,80,sedang,Risiko ketidakstabilan pesisir relatif tinggi.,mangrove-priority-2016-2025-v0.1
460,79,MPR-D588AA4D77,Serapung,Kuala Kampar,Pelalawan,0.46,P4,Perlindungan pantai dahulu,60.1,68,73,80,sedang,Risiko ketidakstabilan pesisir relatif tinggi.,mangrove-priority-2016-2025-v0.1
461,80,MPR-C90355E357,Serapung,Kuala Kampar,Pelalawan,0.43,P4,Perlindungan pantai dahulu,60.1,68,73,80,sedang,Risiko ketidakstabilan pesisir relatif tinggi.,mangrove-priority-2016-2025-v0.1
462,81,MPR-5C7379AABA,Serapung,Kuala Kampar,Pelalawan,2.19,P4,Perlindungan pantai dahulu,59.9,70,71,82,sedang,Risiko ketidakstabilan pesisir relatif tinggi.,mangrove-priority-2016-2025-v0.1
463,82,MPR-30D0128CED,Serapung,Kuala Kampar,Pelalawan,0.36,P4,Perlindungan pantai dahulu,59.9,67,73,79,sedang,Risiko ketidakstabilan pesisir relatif tinggi.,mangrove-priority-2016-2025-v0.1
464,83,MPR-D953FE9401,Serapung,Kuala Kampar,Pelalawan,0.41,P4,Perlindungan pantai dahulu,59.7,67,73,80,sedang,Risiko ketidakstabilan pesisir relatif tinggi.,mangrove-priority-2016-2025-v0.1
465,84,MPR-919029F74C,Serapung,Kuala Kampar,Pelalawan,1.13,P4,Perlindungan pantai dahulu,59.6,68,72,81,sedang,Risiko ketidakstabilan pesisir relatif tinggi.,mangrove-priority-2016-2025-v0.1
466,85,MPR-B1A175298B,Serapung,Kuala Kampar,Pelalawan,1.08,P4,Perlindungan pantai dahulu,59.6,68,72,81,sedang,Risiko ketidakstabilan pesisir relatif tinggi.,mangrove-priority-2016-2025-v0.1
467,74,MPR-4CFB4BB9D8,Sungai Upih,Kuala Kampar,Pelalawan,13.77,P4,Perlindungan pantai dahulu,59.5,80,66,98,tinggi,Risiko ketidakstabilan pesisir relatif tinggi.,mangrove-priority-2016-2025-v0.1
468,86,MPR-77CDB94EFA,Serapung,Kuala Kampar,Pelalawan,2.0,P4,Perlindungan pantai dahulu,59.5,69,71,82,sedang,Risiko ketidakstabilan pesisir relatif tinggi.,mangrove-priority-2016-2025-v0.1
469,87,MPR-1E42F2B40C,Serapung,Kuala Kampar,Pelalawan,1.86,P4,Perlindungan pantai dahulu,59.5,69,71,82,sedang,Risiko ketidakstabilan pesisir relatif tinggi.,mangrove-priority-2016-2025-v0.1
470,88,MPR-1937F90B88,Serapung,Kuala Kampar,Pelalawan,5.57,P4,Perlindungan pantai dahulu,59.0,74,66,87,sedang,Risiko ketidakstabilan pesisir relatif tinggi.,mangrove-priority-2016-2025-v0.1
471,89,MPR-729D46AB5F,Serapung,Kuala Kampar,Pelalawan,5.32,P4,Perlindungan pantai dahulu,58.9,73,67,87,sedang,Risiko ketidakstabilan pesisir relatif tinggi.,mangrove-priority-2016-2025-v0.1
472,90,MPR-85DD64B478,Serapung,Kuala Kampar,Pelalawan,5.29,P4,Perlindungan pantai dahulu,58.9,73,67,87,sedang,Risiko ketidakstabilan pesisir relatif tinggi.,mangrove-priority-2016-2025-v0.1
473,91,MPR-61DF115D0A,Serapung,Kuala Kampar,Pelalawan,5.11,P4,Perlindungan pantai dahulu,58.9,73,67,87,sedang,Risiko ketidakstabilan pesisir relatif tinggi.,mangrove-priority-2016-2025-v0.1
474,92,MPR-197910E805,Serapung,Kuala Kampar,Pelalawan,5.99,P4,Perlindungan pantai dahulu,58.8,74,66,88,sedang,Risiko ketidakstabilan pesisir relatif tinggi.,mangrove-priority-2016-2025-v0.1
475,75,MPR-F2439EF7DF,Sungai Upih,Kuala Kampar,Pelalawan,18.2,P4,Perlindungan pantai dahulu,57.5,81,60,100,tinggi,Risiko ketidakstabilan pesisir relatif tinggi.,mangrove-priority-2016-2025-v0.1
476,76,MPR-98DE243F81,Sungai Upih,Kuala Kampar,Pelalawan,19.68,P4,Perlindungan pantai dahulu,56.4,81,57,100,tinggi,Risiko ketidakstabilan pesisir relatif tinggi.,mangrove-priority-2016-2025-v0.1
477,93,MPR-0828517795,Serapung,Kuala Kampar,Pelalawan,21.76,P4,Perlindungan pantai dahulu,54.3,85,46,100,sedang,Risiko ketidakstabilan pesisir relatif tinggi.,mangrove-priority-2016-2025-v0.1
478,94,MPR-565D7F67B3,Serapung,Kuala Kampar,Pelalawan,21.53,P4,Perlindungan pantai dahulu,54.3,85,46,100,sedang,Risiko ketidakstabilan pesisir relatif tinggi.,mangrove-priority-2016-2025-v0.1
